t_names,CTQ_Term,Sex,Region,Effect_Size_Main_Ped,P_Main_Ped,Q_Main_Ped,Significant_Main_Ped,Effect_Size_Cov_Ped,P_Cov_Ped,Q_Cov_Ped,Significant_Cov_Ped,Sample_Size_Ped,Effect_Size_Main_YA,P_Main_YA,Q_Main_YA,Significant_Main_YA,Effect_Size_Cov_YA,P_Cov_YA,Q_Cov_YA,Significant_Cov_YA,Sample_Size_YA,Effect_Size_Main_OA,P_Main_OA,Q_Main_OA,Significant_Main_OA,Effect_Size_Cov_OA,P_Cov_OA,Q_Cov_OA,Significant_Cov_OA,Sample_Size_OA
cortical_thickness,CTQ_Abuse,female,L_bankssts_thickavg,0.072 (0.103),4.86e-01,9.89e-01,No,-0.003 (0.014),8.45e-01,9.47e-01,No,189,0.051 (0.046),2.72e-01,6.22e-01,No,-0.008 (0.006),1.80e-01,6.81e-01,No,1163,-0.003 (0.052),9.56e-01,9.96e-01,No,0.003 (0.006),5.89e-01,7.46e-01,No,864
cortical_thickness,CTQ_Abuse,female,L_caudalanteriorcingulate_thickavg,0.15 (0.103),1.48e-01,9.89e-01,No,-0.013 (0.014),3.56e-01,9.47e-01,No,189,-0.151 (0.046) *,1.05e-03,1.43e-02,Yes,0.006 (0.006),3.18e-01,8.32e-01,No,1163,-0.245 (0.051) *,2.16e-06,1.47e-04,Yes,0.018 (0.006),3.74e-03,1.27e-01,No,864
cortical_thickness,CTQ_Abuse,female,L_caudalmiddlefrontal_thickavg,0.014 (0.104),8.95e-01,9.89e-01,No,-0.002 (0.014),8.69e-01,9.47e-01,No,189,0.003 (0.046),9.49e-01,9.96e-01,No,0.004 (0.006),5.32e-01,9.07e-01,No,1163,-0.073 (0.052),1.57e-01,4.28e-01,No,0.011 (0.006),9.52e-02,3.61e-01,No,864
cortical_thickness,CTQ_Abuse,female,L_cuneus_thickavg,0.049 (0.103),6.38e-01,9.89e-01,No,0.008 (0.014),5.80e-01,9.47e-01,No,189,0.02 (0.046),6.61e-01,9.48e-01,No,-0.002 (0.006),6.86e-01,9.07e-01,No,1163,0.018 (0.052),7.24e-01,8.92e-01,No,-0.01 (0.006),1.01e-01,3.61e-01,No,864
cortical_thickness,CTQ_Abuse,female,L_entorhil_thickavg,0.135 (0.102),1.88e-01,9.89e-01,No,0.001 (0.014),9.31e-01,9.74e-01,No,189,-0.069 (0.046),1.35e-01,3.86e-01,No,-0.001 (0.006),8.15e-01,9.54e-01,No,1163,-0.067 (0.052),1.98e-01,4.65e-01,No,0.012 (0.006),7.02e-02,3.52e-01,No,864
cortical_thickness,CTQ_Abuse,female,L_fusiform_thickavg,0.007 (0.103),9.44e-01,9.89e-01,No,0.003 (0.014),8.03e-01,9.47e-01,No,189,0.026 (0.046),5.82e-01,9.42e-01,No,-0.003 (0.006),5.74e-01,9.07e-01,No,1163,0.064 (0.052),2.15e-01,4.87e-01,No,-0.002 (0.006),7.73e-01,8.90e-01,No,864
cortical_thickness,CTQ_Abuse,female,L_inferiorparietal_thickavg,-0.109 (0.103),2.94e-01,9.89e-01,No,0.012 (0.014),3.98e-01,9.47e-01,No,189,-0.17 (0.046) *,2.35e-04,4.00e-03,Yes,0.013 (0.006),3.61e-02,2.52e-01,No,1163,-0.112 (0.052),3.11e-02,1.63e-01,No,0.006 (0.006),3.41e-01,6.11e-01,No,864
cortical_thickness,CTQ_Abuse,female,L_inferiortemporal_thickavg,-0.008 (0.103),9.42e-01,9.89e-01,No,-0.003 (0.014),8.12e-01,9.47e-01,No,189,0.008 (0.046),8.65e-01,9.80e-01,No,-0.001 (0.006),9.32e-01,9.82e-01,No,1163,0.1 (0.052),5.25e-02,2.23e-01,No,-0.0 (0.006),9.47e-01,9.95e-01,No,864
cortical_thickness,CTQ_Abuse,female,L_isthmuscingulate_thickavg,0.074 (0.103),4.74e-01,9.89e-01,No,0.0 (0.014),9.84e-01,9.90e-01,No,189,-0.179 (0.046) *,1.11e-04,3.79e-03,Yes,0.013 (0.006),3.45e-02,2.52e-01,No,1163,-0.205 (0.051) *,7.56e-05,2.57e-03,Yes,0.013 (0.006),4.63e-02,3.52e-01,No,864
cortical_thickness,CTQ_Abuse,female,L_lateraloccipital_thickavg,-0.089 (0.103),3.87e-01,9.89e-01,No,0.016 (0.014),2.43e-01,9.47e-01,No,189,-0.148 (0.046) *,1.34e-03,1.52e-02,Yes,0.012 (0.006),4.30e-02,2.59e-01,No,1163,-0.181 (0.052) *,4.75e-04,8.07e-03,Yes,0.012 (0.006),6.02e-02,3.52e-01,No,864
cortical_thickness,CTQ_Abuse,female,L_lateralorbitofrontal_thickavg,0.087 (0.103),4.01e-01,9.89e-01,No,-0.002 (0.014),8.77e-01,9.47e-01,No,189,0.002 (0.046),9.58e-01,9.96e-01,No,-0.003 (0.006),5.97e-01,9.07e-01,No,1163,0.001 (0.052),9.82e-01,9.97e-01,No,0.0 (0.006),9.95e-01,9.95e-01,No,864
cortical_thickness,CTQ_Abuse,female,L_lingual_thickavg,-0.077 (0.103),4.57e-01,9.89e-01,No,0.023 (0.014),8.91e-02,9.47e-01,No,189,0.042 (0.046),3.66e-01,6.48e-01,No,-0.008 (0.006),2.03e-01,6.89e-01,No,1163,-0.012 (0.052),8.20e-01,9.45e-01,No,-0.014 (0.006),2.54e-02,3.52e-01,No,864
cortical_thickness,CTQ_Abuse,female,L_medialorbitofrontal_thickavg,0.207 (0.102),4.46e-02,9.89e-01,No,-0.015 (0.014),2.76e-01,9.47e-01,No,189,0.048 (0.046),3.03e-01,6.22e-01,No,0.001 (0.006),8.06e-01,9.54e-01,No,1163,0.138 (0.052),7.53e-03,9.26e-02,No,-0.005 (0.006),4.18e-01,6.77e-01,No,864
cortical_thickness,CTQ_Abuse,female,L_middletemporal_thickavg,-0.042 (0.103),6.88e-01,9.89e-01,No,0.004 (0.014),7.52e-01,9.47e-01,No,189,0.009 (0.046),8.50e-01,9.79e-01,No,-0.002 (0.006),7.05e-01,9.07e-01,No,1163,0.094 (0.052),6.88e-02,2.46e-01,No,-0.003 (0.006),5.84e-01,7.46e-01,No,864
cortical_thickness,CTQ_Abuse,female,L_parahippocampal_thickavg,-0.052 (0.103),6.14e-01,9.89e-01,No,0.004 (0.014),7.72e-01,9.47e-01,No,189,-0.047 (0.046),3.15e-01,6.22e-01,No,0.002 (0.006),7.47e-01,9.07e-01,No,1163,-0.085 (0.052),1.03e-01,3.18e-01,No,0.006 (0.006),3.86e-01,6.56e-01,No,864
cortical_thickness,CTQ_Abuse,female,L_paracentral_thickavg,0.106 (0.103),3.06e-01,9.89e-01,No,-0.014 (0.014),3.11e-01,9.47e-01,No,189,0.068 (0.046),1.42e-01,3.86e-01,No,-0.004 (0.006),5.17e-01,9.07e-01,No,1163,0.09 (0.052),8.30e-02,2.69e-01,No,-0.012 (0.006),6.57e-02,3.52e-01,No,864
cortical_thickness,CTQ_Abuse,female,L_parsopercularis_thickavg,-0.16 (0.103),1.21e-01,9.89e-01,No,0.014 (0.014),2.99e-01,9.47e-01,No,189,-0.025 (0.046),5.96e-01,9.42e-01,No,0.003 (0.006),6.62e-01,9.07e-01,No,1163,0.048 (0.052),3.51e-01,6.52e-01,No,-0.008 (0.006),2.02e-01,4.43e-01,No,864
cortical_thickness,CTQ_Abuse,female,L_parsorbitalis_thickavg,0.054 (0.103),6.02e-01,9.89e-01,No,-0.004 (0.014),7.65e-01,9.47e-01,No,189,-0.043 (0.046),3.60e-01,6.48e-01,No,0.001 (0.006),8.28e-01,9.54e-01,No,1163,0.035 (0.052),5.04e-01,7.31e-01,No,0.007 (0.006),2.57e-01,5.03e-01,No,864
cortical_thickness,CTQ_Abuse,female,L_parstriangularis_thickavg,-0.12 (0.103),2.45e-01,9.89e-01,No,0.005 (0.014),7.15e-01,9.47e-01,No,189,0.047 (0.046),3.08e-01,6.22e-01,No,-0.002 (0.006),7.23e-01,9.07e-01,No,1163,0.006 (0.052),9.04e-01,9.66e-01,No,0.007 (0.006),2.59e-01,5.03e-01,No,864
cortical_thickness,CTQ_Abuse,female,L_pericalcarine_thickavg,0.015 (0.103),8.84e-01,9.89e-01,No,0.008 (0.014),5.74e-01,9.47e-01,No,189,0.046 (0.046),3.20e-01,6.22e-01,No,-0.007 (0.006),2.36e-01,7.63e-01,No,1163,0.002 (0.052),9.66e-01,9.96e-01,No,-0.009 (0.006),1.77e-01,4.01e-01,No,864
cortical_thickness,CTQ_Abuse,female,L_postcentral_thickavg,-0.126 (0.103),2.23e-01,9.89e-01,No,0.002 (0.014),8.93e-01,9.49e-01,No,189,-0.0 (0.046),9.96e-01,9.96e-01,No,-0.005 (0.006),3.68e-01,9.07e-01,No,1163,0.013 (0.052),8.00e-01,9.38e-01,No,0.002 (0.006),7.35e-01,8.65e-01,No,864
cortical_thickness,CTQ_Abuse,female,L_posteriorcingulate_thickavg,-0.021 (0.104),8.39e-01,9.89e-01,No,0.0 (0.014),9.75e-01,9.90e-01,No,189,-0.199 (0.046) *,1.69e-05,1.15e-03,Yes,0.012 (0.006),3.60e-02,2.52e-01,No,1163,-0.19 (0.051) *,2.22e-04,5.03e-03,Yes,0.004 (0.006),5.31e-01,7.37e-01,No,864
cortical_thickness,CTQ_Abuse,female,L_precentral_thickavg,-0.091 (0.103),3.75e-01,9.89e-01,No,-0.006 (0.014),6.59e-01,9.47e-01,No,189,-0.017 (0.046),7.20e-01,9.61e-01,No,0.0 (0.006),9.57e-01,9.82e-01,No,1163,-0.01 (0.052),8.40e-01,9.52e-01,No,0.0 (0.006),9.62e-01,9.95e-01,No,864
cortical_thickness,CTQ_Abuse,female,L_precuneus_thickavg,-0.05 (0.103),6.28e-01,9.89e-01,No,0.01 (0.014),4.67e-01,9.47e-01,No,189,0.045 (0.046),3.35e-01,6.33e-01,No,-0.007 (0.006),2.52e-01,7.78e-01,No,1163,0.0 (0.052),9.97e-01,9.97e-01,No,-0.01 (0.006),1.15e-01,3.61e-01,No,864
cortical_thickness,CTQ_Abuse,female,L_rostralanteriorcingulate_thickavg,0.188 (0.102),6.85e-02,9.89e-01,No,-0.011 (0.014),4.04e-01,9.47e-01,No,189,-0.083 (0.046),7.20e-02,2.51e-01,No,0.003 (0.006),6.26e-01,9.07e-01,No,1163,-0.126 (0.052),1.50e-02,1.02e-01,No,0.019 (0.006),2.50e-03,1.27e-01,No,864
cortical_thickness,CTQ_Abuse,female,L_rostralmiddlefrontal_thickavg,-0.044 (0.103),6.69e-01,9.89e-01,No,-0.003 (0.014),8.24e-01,9.47e-01,No,189,-0.003 (0.046),9.54e-01,9.96e-01,No,0.009 (0.006),1.42e-01,5.70e-01,No,1163,-0.046 (0.052),3.71e-01,6.54e-01,No,0.005 (0.006),3.95e-01,6.56e-01,No,864
cortical_thickness,CTQ_Abuse,female,L_superiorfrontal_thickavg,0.102 (0.103),3.22e-01,9.89e-01,No,0.002 (0.014),8.75e-01,9.47e-01,No,189,-0.001 (0.046),9.81e-01,9.96e-01,No,0.011 (0.006),7.62e-02,3.99e-01,No,1163,-0.093 (0.052),7.41e-02,2.52e-01,No,0.013 (0.006),4.48e-02,3.52e-01,No,864
cortical_thickness,CTQ_Abuse,female,L_superiorparietal_thickavg,0.006 (0.103),9.52e-01,9.89e-01,No,0.003 (0.014),8.32e-01,9.47e-01,No,189,0.01 (0.046),8.37e-01,9.79e-01,No,0.002 (0.006),7.45e-01,9.07e-01,No,1163,0.037 (0.052),4.81e-01,7.31e-01,No,-0.009 (0.006),1.73e-01,4.01e-01,No,864
cortical_thickness,CTQ_Abuse,female,L_superiortemporal_thickavg,0.063 (0.103),5.42e-01,9.89e-01,No,-0.01 (0.014),4.62e-01,9.47e-01,No,189,0.132 (0.046) *,4.36e-03,2.70e-02,Yes,-0.009 (0.006),1.23e-01,5.23e-01,No,1163,0.069 (0.052),1.84e-01,4.63e-01,No,-0.009 (0.006),1.52e-01,3.82e-01,No,864
cortical_thickness,CTQ_Abuse,female,L_supramargil_thickavg,-0.135 (0.103),1.90e-01,9.89e-01,No,0.003 (0.014),8.29e-01,9.47e-01,No,189,-0.047 (0.046),3.09e-01,6.22e-01,No,0.006 (0.006),3.04e-01,8.27e-01,No,1163,-0.067 (0.052),1.97e-01,4.65e-01,No,-0.005 (0.006),4.45e-01,7.03e-01,No,864
cortical_thickness,CTQ_Abuse,female,L_frontalpole_thickavg,0.023 (0.103),8.23e-01,9.89e-01,No,0.012 (0.014),3.83e-01,9.47e-01,No,189,-0.018 (0.046),6.95e-01,9.61e-01,No,0.008 (0.006),1.90e-01,6.81e-01,No,1163,-0.13 (0.052),1.25e-02,9.41e-02,No,0.015 (0.006),1.58e-02,3.52e-01,No,864
cortical_thickness,CTQ_Abuse,female,L_temporalpole_thickavg,0.127 (0.103),2.19e-01,9.89e-01,No,-0.009 (0.014),4.99e-01,9.47e-01,No,189,0.004 (0.046),9.30e-01,9.96e-01,No,0.0 (0.006),9.82e-01,9.82e-01,No,1163,0.048 (0.052),3.55e-01,6.52e-01,No,-0.0 (0.006),9.79e-01,9.95e-01,No,864
cortical_thickness,CTQ_Abuse,female,L_transversetemporal_thickavg,0.1 (0.102),3.29e-01,9.89e-01,No,0.008 (0.014),5.65e-01,9.47e-01,No,189,0.139 (0.046) *,2.76e-03,2.09e-02,Yes,-0.016 (0.006),8.49e-03,2.42e-01,No,1163,0.035 (0.052),5.00e-01,7.31e-01,No,-0.004 (0.006),4.87e-01,7.05e-01,No,864
cortical_thickness,CTQ_Abuse,female,L_insula_thickavg,0.069 (0.103),5.07e-01,9.89e-01,No,0.003 (0.014),8.20e-01,9.47e-01,No,189,-0.101 (0.046),2.99e-02,1.32e-01,No,0.003 (0.006),6.23e-01,9.07e-01,No,1163,-0.054 (0.052),3.01e-01,6.02e-01,No,0.011 (0.006),8.04e-02,3.52e-01,No,864
cortical_thickness,CTQ_Abuse,female,R_bankssts_thickavg,-0.052 (0.103),6.14e-01,9.89e-01,No,0.007 (0.014),6.01e-01,9.47e-01,No,189,-0.07 (0.046),1.33e-01,3.86e-01,No,0.005 (0.006),3.88e-01,9.07e-01,No,1163,-0.035 (0.052),5.05e-01,7.31e-01,No,-0.005 (0.006),3.94e-01,6.56e-01,No,864
cortical_thickness,CTQ_Abuse,female,R_caudalanteriorcingulate_thickavg,0.149 (0.103),1.49e-01,9.89e-01,No,-0.015 (0.014),2.81e-01,9.47e-01,No,189,-0.172 (0.046) *,2.04e-04,4.00e-03,Yes,0.014 (0.006),2.28e-02,2.52e-01,No,1163,-0.096 (0.052),6.32e-02,2.39e-01,No,0.01 (0.006),1.15e-01,3.61e-01,No,864
cortical_thickness,CTQ_Abuse,female,R_caudalmiddlefrontal_thickavg,-0.102 (0.103),3.25e-01,9.89e-01,No,0.013 (0.014),3.47e-01,9.47e-01,No,189,-0.1 (0.046),3.11e-02,1.32e-01,No,0.009 (0.006),1.16e-01,5.23e-01,No,1163,-0.131 (0.052),1.12e-02,9.41e-02,No,0.004 (0.006),5.25e-01,7.37e-01,No,864
cortical_thickness,CTQ_Abuse,female,R_cuneus_thickavg,0.014 (0.103),8.92e-01,9.89e-01,No,0.011 (0.014),4.04e-01,9.47e-01,No,189,-0.002 (0.046),9.74e-01,9.96e-01,No,-0.003 (0.006),5.74e-01,9.07e-01,No,1163,0.054 (0.052),2.98e-01,6.02e-01,No,-0.01 (0.006),1.22e-01,3.61e-01,No,864
cortical_thickness,CTQ_Abuse,female,R_entorhil_thickavg,0.136 (0.103),1.87e-01,9.89e-01,No,-0.015 (0.014),2.90e-01,9.47e-01,No,189,-0.092 (0.046),4.64e-02,1.86e-01,No,-0.004 (0.006),5.35e-01,9.07e-01,No,1163,-0.122 (0.052),1.89e-02,1.07e-01,No,0.011 (0.006),8.28e-02,3.52e-01,No,864
cortical_thickness,CTQ_Abuse,female,R_fusiform_thickavg,0.177 (0.103),8.59e-02,9.89e-01,No,-0.013 (0.014),3.42e-01,9.47e-01,No,189,0.067 (0.046),1.47e-01,3.86e-01,No,-0.003 (0.006),6.10e-01,9.07e-01,No,1163,0.029 (0.052),5.71e-01,7.92e-01,No,0.002 (0.006),7.38e-01,8.65e-01,No,864
cortical_thickness,CTQ_Abuse,female,R_inferiorparietal_thickavg,-0.046 (0.103),6.55e-01,9.89e-01,No,-0.004 (0.014),7.96e-01,9.47e-01,No,189,-0.087 (0.046),5.99e-02,2.26e-01,No,0.013 (0.006),3.70e-02,2.52e-01,No,1163,0.007 (0.052),8.92e-01,9.66e-01,No,0.004 (0.006),5.47e-01,7.44e-01,No,864
cortical_thickness,CTQ_Abuse,female,R_inferiortemporal_thickavg,0.099 (0.103),3.41e-01,9.89e-01,No,-0.016 (0.014),2.50e-01,9.47e-01,No,189,0.022 (0.046),6.35e-01,9.48e-01,No,-0.004 (0.006),5.29e-01,9.07e-01,No,1163,0.045 (0.052),3.80e-01,6.54e-01,No,0.005 (0.006),4.81e-01,7.05e-01,No,864
cortical_thickness,CTQ_Abuse,female,R_isthmuscingulate_thickavg,-0.005 (0.103),9.60e-01,9.89e-01,No,-0.004 (0.014),7.66e-01,9.47e-01,No,189,-0.134 (0.046) *,3.80e-03,2.59e-02,Yes,0.013 (0.006),3.33e-02,2.52e-01,No,1163,-0.098 (0.052),5.91e-02,2.36e-01,No,0.001 (0.006),8.63e-01,9.53e-01,No,864
cortical_thickness,CTQ_Abuse,female,R_lateraloccipital_thickavg,0.029 (0.103),7.79e-01,9.89e-01,No,0.006 (0.014),6.65e-01,9.47e-01,No,189,-0.052 (0.046),2.60e-01,6.22e-01,No,0.001 (0.006),9.23e-01,9.82e-01,No,1163,0.006 (0.052),9.09e-01,9.66e-01,No,0.007 (0.006),2.88e-01,5.43e-01,No,864
cortical_thickness,CTQ_Abuse,female,R_lateralorbitofrontal_thickavg,0.016 (0.103),8.75e-01,9.89e-01,No,0.006 (0.014),6.49e-01,9.47e-01,No,189,0.014 (0.046),7.63e-01,9.69e-01,No,0.0 (0.006),9.79e-01,9.82e-01,No,1163,-0.028 (0.052),5.86e-01,7.97e-01,No,0.012 (0.006),6.24e-02,3.52e-01,No,864
cortical_thickness,CTQ_Abuse,female,R_lingual_thickavg,-0.045 (0.103),6.64e-01,9.89e-01,No,0.016 (0.014),2.35e-01,9.47e-01,No,189,-0.01 (0.046),8.31e-01,9.79e-01,No,-0.002 (0.006),7.35e-01,9.07e-01,No,1163,-0.045 (0.052),3.88e-01,6.54e-01,No,-0.007 (0.006),2.96e-01,5.43e-01,No,864
cortical_thickness,CTQ_Abuse,female,R_medialorbitofrontal_thickavg,-0.0 (0.104),1.00e+00,1.00e+00,No,0.003 (0.014),8.40e-01,9.47e-01,No,189,0.103 (0.046),2.56e-02,1.24e-01,No,-0.003 (0.006),6.50e-01,9.07e-01,No,1163,0.133 (0.052),1.01e-02,9.41e-02,No,-0.005 (0.006),4.55e-01,7.04e-01,No,864
cortical_thickness,CTQ_Abuse,female,R_middletemporal_thickavg,-0.081 (0.103),4.34e-01,9.89e-01,No,-0.004 (0.014),7.51e-01,9.47e-01,No,189,-0.122 (0.046) *,8.28e-03,4.33e-02,Yes,0.004 (0.006),5.37e-01,9.07e-01,No,1163,-0.017 (0.052),7.45e-01,8.92e-01,No,-0.001 (0.006),8.69e-01,9.53e-01,No,864
cortical_thickness,CTQ_Abuse,female,R_parahippocampal_thickavg,0.016 (0.104),8.78e-01,9.89e-01,No,-0.002 (0.014),8.65e-01,9.47e-01,No,189,-0.083 (0.046),7.39e-02,2.51e-01,No,0.002 (0.006),7.43e-01,9.07e-01,No,1163,-0.102 (0.052),4.95e-02,2.23e-01,No,0.005 (0.006),4.79e-01,7.05e-01,No,864
cortical_thickness,CTQ_Abuse,female,R_paracentral_thickavg,0.076 (0.103),4.61e-01,9.89e-01,No,-0.021 (0.014),1.20e-01,9.47e-01,No,189,0.067 (0.046),1.47e-01,3.86e-01,No,-0.003 (0.006),5.88e-01,9.07e-01,No,1163,-0.018 (0.052),7.28e-01,8.92e-01,No,-0.0 (0.006),9.82e-01,9.95e-01,No,864
cortical_thickness,CTQ_Abuse,female,R_parsopercularis_thickavg,-0.006 (0.103),9.57e-01,9.89e-01,No,-0.009 (0.014),5.32e-01,9.47e-01,No,189,0.06 (0.046),1.98e-01,4.98e-01,No,-0.01 (0.006),8.73e-02,4.24e-01,No,1163,-0.063 (0.052),2.27e-01,4.98e-01,No,-0.001 (0.006),8.52e-01,9.53e-01,No,864
cortical_thickness,CTQ_Abuse,female,R_parsorbitalis_thickavg,-0.035 (0.103),7.37e-01,9.89e-01,No,-0.003 (0.014),8.54e-01,9.47e-01,No,189,-0.013 (0.046),7.88e-01,9.74e-01,No,-0.004 (0.006),5.52e-01,9.07e-01,No,1163,-0.044 (0.052),3.94e-01,6.54e-01,No,0.012 (0.006),5.91e-02,3.52e-01,No,864
cortical_thickness,CTQ_Abuse,female,R_parstriangularis_thickavg,-0.067 (0.103),5.17e-01,9.89e-01,No,0.011 (0.014),4.19e-01,9.47e-01,No,189,0.02 (0.046),6.69e-01,9.48e-01,No,-0.005 (0.006),4.43e-01,9.07e-01,No,1163,-0.033 (0.052),5.27e-01,7.46e-01,No,0.009 (0.006),1.44e-01,3.82e-01,No,864
cortical_thickness,CTQ_Abuse,female,R_pericalcarine_thickavg,-0.04 (0.103),6.99e-01,9.89e-01,No,0.006 (0.014),6.61e-01,9.47e-01,No,189,0.02 (0.046),6.65e-01,9.48e-01,No,-0.006 (0.006),2.97e-01,8.27e-01,No,1163,-0.019 (0.052),7.09e-01,8.92e-01,No,-0.009 (0.006),1.52e-01,3.82e-01,No,864
cortical_thickness,CTQ_Abuse,female,R_postcentral_thickavg,0.015 (0.103),8.85e-01,9.89e-01,No,-0.01 (0.014),4.67e-01,9.47e-01,No,189,-0.016 (0.046),7.34e-01,9.61e-01,No,0.001 (0.006),8.95e-01,9.82e-01,No,1163,0.056 (0.052),2.84e-01,6.02e-01,No,-0.004 (0.006),5.58e-01,7.44e-01,No,864
cortical_thickness,CTQ_Abuse,female,R_posteriorcingulate_thickavg,0.059 (0.103),5.67e-01,9.89e-01,No,-0.004 (0.014),7.70e-01,9.47e-01,No,189,-0.14 (0.046) *,2.48e-03,2.09e-02,Yes,0.015 (0.006),1.07e-02,2.42e-01,No,1163,-0.123 (0.052),1.77e-02,1.07e-01,No,0.003 (0.006),6.15e-01,7.60e-01,No,864
cortical_thickness,CTQ_Abuse,female,R_precentral_thickavg,-0.069 (0.102),5.04e-01,9.89e-01,No,-0.011 (0.014),4.14e-01,9.47e-01,No,189,-0.049 (0.046),2.89e-01,6.22e-01,No,0.001 (0.006),8.75e-01,9.82e-01,No,1163,-0.072 (0.052),1.64e-01,4.28e-01,No,0.0 (0.006),9.76e-01,9.95e-01,No,864
cortical_thickness,CTQ_Abuse,female,R_precuneus_thickavg,0.096 (0.103),3.54e-01,9.89e-01,No,-0.015 (0.014),2.73e-01,9.47e-01,No,189,0.078 (0.046),9.26e-02,3.00e-01,No,-0.002 (0.006),7.01e-01,9.07e-01,No,1163,0.025 (0.052),6.29e-01,8.39e-01,No,-0.01 (0.006),1.07e-01,3.61e-01,No,864
cortical_thickness,CTQ_Abuse,female,R_rostralanteriorcingulate_thickavg,0.0 (0.103),9.97e-01,1.00e+00,No,-0.01 (0.014),4.80e-01,9.47e-01,No,189,-0.014 (0.046),7.70e-01,9.69e-01,No,-0.005 (0.006),4.41e-01,9.07e-01,No,1163,-0.017 (0.052),7.48e-01,8.92e-01,No,0.007 (0.006),2.51e-01,5.03e-01,No,864
cortical_thickness,CTQ_Abuse,female,R_rostralmiddlefrontal_thickavg,0.01 (0.104),9.20e-01,9.89e-01,No,-0.003 (0.014),8.54e-01,9.47e-01,No,189,-0.031 (0.046),5.08e-01,8.63e-01,No,0.012 (0.006),4.57e-02,2.59e-01,No,1163,-0.081 (0.052),1.20e-01,3.39e-01,No,0.012 (0.006),6.74e-02,3.52e-01,No,864
cortical_thickness,CTQ_Abuse,female,R_superiorfrontal_thickavg,0.024 (0.103),8.19e-01,9.89e-01,No,0.012 (0.014),3.84e-01,9.47e-01,No,189,0.01 (0.046),8.29e-01,9.79e-01,No,0.005 (0.006),4.27e-01,9.07e-01,No,1163,-0.103 (0.052),4.72e-02,2.23e-01,No,0.01 (0.006),1.30e-01,3.68e-01,No,864
cortical_thickness,CTQ_Abuse,female,R_superiorparietal_thickavg,0.075 (0.103),4.67e-01,9.89e-01,No,-0.017 (0.014),2.03e-01,9.47e-01,No,189,0.024 (0.046),6.11e-01,9.45e-01,No,0.005 (0.006),3.96e-01,9.07e-01,No,1163,0.049 (0.052),3.51e-01,6.52e-01,No,-0.003 (0.006),6.39e-01,7.76e-01,No,864
cortical_thickness,CTQ_Abuse,female,R_superiortemporal_thickavg,-0.083 (0.103),4.21e-01,9.89e-01,No,0.002 (0.014),8.64e-01,9.47e-01,No,189,0.003 (0.046),9.47e-01,9.96e-01,No,-0.004 (0.006),5.16e-01,9.07e-01,No,1163,-0.007 (0.052),8.97e-01,9.66e-01,No,-0.008 (0.006),2.39e-01,5.03e-01,No,864
cortical_thickness,CTQ_Abuse,female,R_supramargil_thickavg,-0.215 (0.102),3.62e-02,9.89e-01,No,0.011 (0.014),4.11e-01,9.47e-01,No,189,-0.145 (0.046) *,1.80e-03,1.75e-02,Yes,0.016 (0.006),5.88e-03,2.42e-01,No,1163,-0.038 (0.052),4.60e-01,7.27e-01,No,-0.003 (0.006),5.92e-01,7.46e-01,No,864
cortical_thickness,CTQ_Abuse,female,R_frontalpole_thickavg,0.009 (0.103),9.34e-01,9.89e-01,No,-0.006 (0.014),6.76e-01,9.47e-01,No,189,0.029 (0.046),5.36e-01,8.88e-01,No,0.007 (0.006),2.67e-01,7.91e-01,No,1163,-0.082 (0.052),1.15e-01,3.39e-01,No,0.01 (0.006),1.18e-01,3.61e-01,No,864
cortical_thickness,CTQ_Abuse,female,R_temporalpole_thickavg,0.138 (0.103),1.80e-01,9.89e-01,No,-0.003 (0.014),8.40e-01,9.47e-01,No,189,-0.041 (0.046),3.72e-01,6.48e-01,No,0.0 (0.006),9.35e-01,9.82e-01,No,1163,-0.039 (0.052),4.55e-01,7.27e-01,No,0.011 (0.006),7.67e-02,3.52e-01,No,864
cortical_thickness,CTQ_Abuse,female,R_transversetemporal_thickavg,-0.034 (0.103),7.43e-01,9.89e-01,No,0.005 (0.014),7.07e-01,9.47e-01,No,189,0.127 (0.046) *,6.08e-03,3.44e-02,Yes,-0.013 (0.006),3.47e-02,2.52e-01,No,1163,0.137 (0.052),8.17e-03,9.26e-02,No,-0.012 (0.006),5.99e-02,3.52e-01,No,864
cortical_thickness,CTQ_Abuse,female,R_insula_thickavg,-0.022 (0.104),8.33e-01,9.89e-01,No,-0.0 (0.014),9.90e-01,9.90e-01,No,189,-0.016 (0.046),7.35e-01,9.61e-01,No,0.0 (0.006),9.62e-01,9.82e-01,No,1163,-0.022 (0.052),6.68e-01,8.74e-01,No,0.009 (0.006),1.63e-01,3.97e-01,No,864
cortical_thickness,CTQ_Abuse,male,L_bankssts_thickavg,0.004 (0.105),9.67e-01,9.97e-01,No,-0.015 (0.017),3.67e-01,7.86e-01,No,159,-0.026 (0.048),5.83e-01,7.77e-01,No,-0.008 (0.007),2.33e-01,7.87e-01,No,742,-0.033 (0.056),5.58e-01,8.00e-01,No,-0.001 (0.007),9.10e-01,9.82e-01,No,585
cortical_thickness,CTQ_Abuse,male,L_caudalanteriorcingulate_thickavg,0.152 (0.104),1.46e-01,7.38e-01,No,-0.001 (0.017),9.43e-01,9.72e-01,No,159,-0.141 (0.048) *,3.12e-03,2.35e-02,Yes,0.021 (0.007),2.30e-03,7.83e-02,No,742,-0.075 (0.056),1.85e-01,5.71e-01,No,0.007 (0.007),3.66e-01,8.65e-01,No,585
cortical_thickness,CTQ_Abuse,male,L_caudalmiddlefrontal_thickavg,0.169 (0.104),1.08e-01,6.87e-01,No,-0.018 (0.017),2.77e-01,7.67e-01,No,159,-0.032 (0.048),5.00e-01,7.54e-01,No,0.001 (0.007),9.05e-01,9.32e-01,No,742,-0.017 (0.056),7.62e-01,8.83e-01,No,-0.006 (0.007),4.24e-01,8.65e-01,No,585
cortical_thickness,CTQ_Abuse,male,L_cuneus_thickavg,-0.093 (0.105),3.78e-01,9.67e-01,No,0.009 (0.017),6.06e-01,7.86e-01,No,159,0.033 (0.048),4.93e-01,7.54e-01,No,0.003 (0.007),7.07e-01,9.25e-01,No,742,-0.075 (0.056),1.85e-01,5.71e-01,No,0.009 (0.007),2.12e-01,8.00e-01,No,585
cortical_thickness,CTQ_Abuse,male,L_entorhil_thickavg,0.01 (0.104),9.21e-01,9.79e-01,No,0.018 (0.017),2.83e-01,7.67e-01,No,159,-0.002 (0.048),9.63e-01,9.85e-01,No,-0.006 (0.007),3.93e-01,8.38e-01,No,742,0.017 (0.056),7.65e-01,8.83e-01,No,-0.001 (0.007),8.38e-01,9.65e-01,No,585
cortical_thickness,CTQ_Abuse,male,L_fusiform_thickavg,-0.034 (0.104),7.47e-01,9.67e-01,No,0.023 (0.017),1.79e-01,6.89e-01,No,159,0.097 (0.048),4.19e-02,1.50e-01,No,-0.004 (0.007),5.71e-01,9.10e-01,No,742,0.077 (0.056),1.69e-01,5.71e-01,No,0.004 (0.007),6.27e-01,8.65e-01,No,585
cortical_thickness,CTQ_Abuse,male,L_inferiorparietal_thickavg,0.019 (0.105),8.57e-01,9.67e-01,No,0.013 (0.017),4.29e-01,7.86e-01,No,159,0.002 (0.048),9.60e-01,9.85e-01,No,-0.001 (0.007),9.16e-01,9.32e-01,No,742,-0.145 (0.056),9.77e-03,1.33e-01,No,0.014 (0.007),6.13e-02,5.95e-01,No,585
cortical_thickness,CTQ_Abuse,male,L_inferiortemporal_thickavg,-0.055 (0.104),6.02e-01,9.67e-01,No,0.023 (0.017),1.68e-01,6.89e-01,No,159,0.023 (0.048),6.36e-01,8.32e-01,No,-0.002 (0.007),7.44e-01,9.32e-01,No,742,0.079 (0.056),1.58e-01,5.69e-01,No,-0.0 (0.007),9.61e-01,9.91e-01,No,585
cortical_thickness,CTQ_Abuse,male,L_isthmuscingulate_thickavg,-0.081 (0.105),4.39e-01,9.67e-01,No,0.015 (0.017),3.61e-01,7.86e-01,No,159,-0.159 (0.047) *,8.73e-04,7.42e-03,Yes,0.006 (0.007),3.53e-01,8.38e-01,No,742,-0.039 (0.056),4.84e-01,8.00e-01,No,0.004 (0.007),5.54e-01,8.65e-01,No,585
cortical_thickness,CTQ_Abuse,male,L_lateraloccipital_thickavg,-0.126 (0.104),2.26e-01,9.03e-01,No,0.033 (0.017),4.75e-02,6.89e-01,No,159,-0.187 (0.047) *,9.17e-05,1.36e-03,Yes,0.016 (0.007),1.66e-02,2.64e-01,No,742,-0.125 (0.056),2.56e-02,2.49e-01,No,0.011 (0.007),1.18e-01,7.13e-01,No,585
cortical_thickness,CTQ_Abuse,male,L_lateralorbitofrontal_thickavg,-0.059 (0.105),5.75e-01,9.67e-01,No,0.003 (0.017),8.72e-01,9.42e-01,No,159,0.222 (0.047) *,2.93e-06,9.96e-05,Yes,-0.016 (0.007),1.94e-02,2.64e-01,No,742,-0.025 (0.056),6.59e-01,8.00e-01,No,0.002 (0.007),8.08e-01,9.65e-01,No,585
cortical_thickness,CTQ_Abuse,male,L_lingual_thickavg,-0.042 (0.104),6.87e-01,9.67e-01,No,-0.015 (0.017),3.82e-01,7.86e-01,No,159,-0.005 (0.048),9.10e-01,9.85e-01,No,0.007 (0.007),3.07e-01,8.05e-01,No,742,-0.109 (0.056),5.16e-02,3.60e-01,No,0.003 (0.007),6.52e-01,8.70e-01,No,585
cortical_thickness,CTQ_Abuse,male,L_medialorbitofrontal_thickavg,0.017 (0.104),8.68e-01,9.67e-01,No,0.02 (0.017),2.40e-01,7.67e-01,No,159,0.185 (0.047) *,9.98e-05,1.36e-03,Yes,-0.012 (0.007),7.82e-02,6.65e-01,No,742,0.172 (0.056) *,2.19e-03,4.96e-02,Yes,-0.012 (0.007),8.85e-02,6.73e-01,No,585
cortical_thickness,CTQ_Abuse,male,L_middletemporal_thickavg,-0.165 (0.104),1.17e-01,6.87e-01,No,0.02 (0.017),2.35e-01,7.67e-01,No,159,-0.035 (0.048),4.60e-01,7.45e-01,No,-0.004 (0.007),5.93e-01,9.10e-01,No,742,-0.007 (0.056),8.95e-01,9.39e-01,No,0.004 (0.007),5.67e-01,8.65e-01,No,585
cortical_thickness,CTQ_Abuse,male,L_parahippocampal_thickavg,0.027 (0.105),8.00e-01,9.67e-01,No,-0.001 (0.017),9.33e-01,9.72e-01,No,159,0.056 (0.048),2.43e-01,4.85e-01,No,0.006 (0.007),4.19e-01,8.38e-01,No,742,0.005 (0.056),9.25e-01,9.39e-01,No,-0.008 (0.007),2.92e-01,8.65e-01,No,585
cortical_thickness,CTQ_Abuse,male,L_paracentral_thickavg,0.128 (0.104),2.23e-01,9.03e-01,No,-0.025 (0.017),1.34e-01,6.89e-01,No,159,0.095 (0.048),4.58e-02,1.56e-01,No,-0.016 (0.007),1.65e-02,2.64e-01,No,742,0.026 (0.056),6.41e-01,8.00e-01,No,-0.001 (0.007),8.64e-01,9.79e-01,No,585
cortical_thickness,CTQ_Abuse,male,L_parsopercularis_thickavg,0.02 (0.104),8.47e-01,9.67e-01,No,-0.023 (0.017),1.79e-01,6.89e-01,No,159,-0.078 (0.048),1.03e-01,2.90e-01,No,-0.002 (0.007),7.57e-01,9.32e-01,No,742,0.011 (0.056),8.38e-01,9.05e-01,No,-0.009 (0.007),2.37e-01,8.09e-01,No,585
cortical_thickness,CTQ_Abuse,male,L_parsorbitalis_thickavg,0.093 (0.105),3.79e-01,9.67e-01,No,-0.01 (0.017),5.61e-01,7.86e-01,No,159,-0.002 (0.048),9.60e-01,9.85e-01,No,-0.002 (0.007),7.76e-01,9.32e-01,No,742,-0.064 (0.056),2.55e-01,6.49e-01,No,0.004 (0.007),5.73e-01,8.65e-01,No,585
cortical_thickness,CTQ_Abuse,male,L_parstriangularis_thickavg,0.18 (0.104),8.68e-02,6.87e-01,No,-0.016 (0.017),3.26e-01,7.86e-01,No,159,-0.02 (0.048),6.82e-01,8.55e-01,No,-0.001 (0.007),8.34e-01,9.32e-01,No,742,0.102 (0.056),6.98e-02,4.32e-01,No,-0.011 (0.007),1.35e-01,7.13e-01,No,585
cortical_thickness,CTQ_Abuse,male,L_pericalcarine_thickavg,-0.021 (0.105),8.44e-01,9.67e-01,No,-0.004 (0.017),7.94e-01,8.85e-01,No,159,0.014 (0.048),7.78e-01,9.01e-01,No,0.001 (0.007),8.88e-01,9.32e-01,No,742,0.041 (0.056),4.71e-01,8.00e-01,No,-0.005 (0.007),5.26e-01,8.65e-01,No,585
cortical_thickness,CTQ_Abuse,male,L_postcentral_thickavg,-0.09 (0.104),3.86e-01,9.67e-01,No,-0.013 (0.017),4.47e-01,7.86e-01,No,159,0.02 (0.048),6.77e-01,8.55e-01,No,-0.008 (0.007),2.25e-01,7.87e-01,No,742,0.002 (0.056),9.74e-01,9.74e-01,No,0.001 (0.007),9.39e-01,9.91e-01,No,585
cortical_thickness,CTQ_Abuse,male,L_posteriorcingulate_thickavg,-0.123 (0.105),2.42e-01,9.15e-01,No,0.013 (0.017),4.54e-01,7.86e-01,No,159,-0.117 (0.048),1.42e-02,6.88e-02,No,0.008 (0.007),2.33e-01,7.87e-01,No,742,-0.034 (0.056),5.46e-01,8.00e-01,No,-0.006 (0.007),4.05e-01,8.65e-01,No,585
cortical_thickness,CTQ_Abuse,male,L_precentral_thickavg,0.199 (0.104),5.75e-02,6.87e-01,No,-0.027 (0.017),1.04e-01,6.89e-01,No,159,-0.019 (0.048),6.92e-01,8.55e-01,No,-0.009 (0.007),2.06e-01,7.87e-01,No,742,-0.028 (0.056),6.13e-01,8.00e-01,No,0.002 (0.007),8.29e-01,9.65e-01,No,585
cortical_thickness,CTQ_Abuse,male,L_precuneus_thickavg,0.192 (0.104),6.64e-02,6.87e-01,No,-0.015 (0.017),3.71e-01,7.86e-01,No,159,0.015 (0.048),7.58e-01,9.01e-01,No,0.006 (0.007),4.13e-01,8.38e-01,No,742,-0.042 (0.056),4.53e-01,8.00e-01,No,-0.003 (0.007),7.25e-01,8.97e-01,No,585
cortical_thickness,CTQ_Abuse,male,L_rostralanteriorcingulate_thickavg,0.017 (0.103),8.69e-01,9.67e-01,No,0.028 (0.017),9.51e-02,6.89e-01,No,159,-0.044 (0.048),3.55e-01,6.33e-01,No,0.003 (0.007),6.91e-01,9.21e-01,No,742,-0.046 (0.056),4.10e-01,7.97e-01,No,0.005 (0.007),5.09e-01,8.65e-01,No,585
cortical_thickness,CTQ_Abuse,male,L_rostralmiddlefrontal_thickavg,0.137 (0.104),1.93e-01,8.76e-01,No,-0.023 (0.017),1.75e-01,6.89e-01,No,159,0.027 (0.048),5.75e-01,7.77e-01,No,0.002 (0.007),8.15e-01,9.32e-01,No,742,-0.016 (0.056),7.79e-01,8.83e-01,No,0.003 (0.007),6.79e-01,8.72e-01,No,585
cortical_thickness,CTQ_Abuse,male,L_superiorfrontal_thickavg,0.246 (0.103),1.82e-02,6.87e-01,No,-0.034 (0.017),4.14e-02,6.89e-01,No,159,-0.001 (0.048),9.85e-01,9.85e-01,No,0.003 (0.007),6.13e-01,9.10e-01,No,742,0.016 (0.056),7.71e-01,8.83e-01,No,-0.011 (0.007),1.16e-01,7.13e-01,No,585
cortical_thickness,CTQ_Abuse,male,L_superiorparietal_thickavg,0.072 (0.105),4.95e-01,9.67e-01,No,-0.011 (0.017),4.97e-01,7.86e-01,No,159,0.046 (0.048),3.34e-01,6.14e-01,No,0.003 (0.007),6.65e-01,9.21e-01,No,742,0.094 (0.056),9.48e-02,5.37e-01,No,-0.006 (0.007),4.45e-01,8.65e-01,No,585
cortical_thickness,CTQ_Abuse,male,L_superiortemporal_thickavg,0.195 (0.104),6.26e-02,6.87e-01,No,-0.018 (0.017),2.93e-01,7.67e-01,No,159,0.004 (0.048),9.29e-01,9.85e-01,No,-0.005 (0.007),4.48e-01,8.70e-01,No,742,-0.036 (0.056),5.22e-01,8.00e-01,No,0.011 (0.007),1.45e-01,7.13e-01,No,585
cortical_thickness,CTQ_Abuse,male,L_supramargil_thickavg,-0.054 (0.105),6.10e-01,9.67e-01,No,0.019 (0.017),2.57e-01,7.67e-01,No,159,-0.102 (0.048),3.33e-02,1.33e-01,No,0.01 (0.007),1.53e-01,7.54e-01,No,742,-0.112 (0.056),4.52e-02,3.60e-01,No,0.014 (0.007),5.52e-02,5.95e-01,No,585
cortical_thickness,CTQ_Abuse,male,L_frontalpole_thickavg,-0.047 (0.105),6.54e-01,9.67e-01,No,0.018 (0.017),2.73e-01,7.67e-01,No,159,-0.017 (0.048),7.20e-01,8.75e-01,No,0.005 (0.007),5.03e-01,8.75e-01,No,742,0.028 (0.056),6.22e-01,8.00e-01,No,-0.005 (0.007),4.80e-01,8.65e-01,No,585
cortical_thickness,CTQ_Abuse,male,L_temporalpole_thickavg,0.026 (0.105),8.05e-01,9.67e-01,No,-0.007 (0.017),6.85e-01,8.19e-01,No,159,0.051 (0.048),2.85e-01,5.54e-01,No,-0.009 (0.007),1.71e-01,7.54e-01,No,742,0.027 (0.056),6.35e-01,8.00e-01,No,0.004 (0.007),5.55e-01,8.65e-01,No,585
cortical_thickness,CTQ_Abuse,male,L_transversetemporal_thickavg,-0.023 (0.104),8.27e-01,9.67e-01,No,0.024 (0.017),1.53e-01,6.89e-01,No,159,0.091 (0.048),5.83e-02,1.80e-01,No,-0.006 (0.007),4.13e-01,8.38e-01,No,742,0.064 (0.056),2.58e-01,6.49e-01,No,-0.003 (0.007),6.72e-01,8.72e-01,No,585
cortical_thickness,CTQ_Abuse,male,L_insula_thickavg,0.064 (0.103),5.36e-01,9.67e-01,No,0.027 (0.016),1.05e-01,6.89e-01,No,159,-0.065 (0.048),1.76e-01,4.26e-01,No,0.001 (0.007),9.18e-01,9.32e-01,No,742,-0.084 (0.056),1.36e-01,5.69e-01,No,0.006 (0.007),3.90e-01,8.65e-01,No,585
cortical_thickness,CTQ_Abuse,male,R_bankssts_thickavg,-0.057 (0.105),5.91e-01,9.67e-01,No,0.011 (0.017),5.24e-01,7.86e-01,No,159,-0.166 (0.047) *,4.83e-04,5.10e-03,Yes,0.003 (0.007),6.70e-01,9.21e-01,No,742,-0.137 (0.056),1.41e-02,1.60e-01,No,0.004 (0.007),5.87e-01,8.65e-01,No,585
cortical_thickness,CTQ_Abuse,male,R_caudalanteriorcingulate_thickavg,0.067 (0.105),5.22e-01,9.67e-01,No,0.009 (0.017),5.90e-01,7.86e-01,No,159,0.001 (0.048),9.76e-01,9.85e-01,No,-0.002 (0.007),8.20e-01,9.32e-01,No,742,-0.05 (0.056),3.72e-01,7.45e-01,No,0.007 (0.007),3.35e-01,8.65e-01,No,585
cortical_thickness,CTQ_Abuse,male,R_caudalmiddlefrontal_thickavg,0.026 (0.105),8.07e-01,9.67e-01,No,-0.012 (0.017),4.75e-01,7.86e-01,No,159,-0.08 (0.048),9.45e-02,2.79e-01,No,0.007 (0.007),3.08e-01,8.05e-01,No,742,-0.065 (0.056),2.45e-01,6.49e-01,No,-0.004 (0.007),5.86e-01,8.65e-01,No,585
cortical_thickness,CTQ_Abuse,male,R_cuneus_thickavg,-0.184 (0.104),7.95e-02,6.87e-01,No,0.011 (0.017),5.06e-01,7.86e-01,No,159,-0.032 (0.048),5.10e-01,7.54e-01,No,0.011 (0.007),1.17e-01,7.54e-01,No,742,-0.06 (0.056),2.87e-01,6.74e-01,No,0.014 (0.007),6.12e-02,5.95e-01,No,585
cortical_thickness,CTQ_Abuse,male,R_entorhil_thickavg,-0.028 (0.105),7.87e-01,9.67e-01,No,0.012 (0.017),4.87e-01,7.86e-01,No,159,-0.058 (0.048),2.25e-01,4.78e-01,No,-0.006 (0.007),3.74e-01,8.38e-01,No,742,-0.045 (0.056),4.24e-01,8.00e-01,No,0.002 (0.007),8.28e-01,9.65e-01,No,585
cortical_thickness,CTQ_Abuse,male,R_fusiform_thickavg,0.016 (0.105),8.81e-01,9.67e-01,No,0.01 (0.017),5.57e-01,7.86e-01,No,159,0.044 (0.048),3.63e-01,6.33e-01,No,-0.003 (0.007),6.16e-01,9.10e-01,No,742,0.109 (0.056),5.30e-02,3.60e-01,No,-0.003 (0.007),6.36e-01,8.65e-01,No,585
cortical_thickness,CTQ_Abuse,male,R_inferiorparietal_thickavg,0.059 (0.105),5.75e-01,9.67e-01,No,0.007 (0.017),6.59e-01,8.19e-01,No,159,-0.165 (0.047) *,5.25e-04,5.10e-03,Yes,0.022 (0.007),1.34e-03,7.83e-02,No,742,-0.039 (0.056),4.86e-01,8.00e-01,No,0.0 (0.007),9.74e-01,9.91e-01,No,585
cortical_thickness,CTQ_Abuse,male,R_inferiortemporal_thickavg,-0.032 (0.105),7.65e-01,9.67e-01,No,0.005 (0.017),7.59e-01,8.61e-01,No,159,-0.029 (0.048),5.42e-01,7.68e-01,No,0.001 (0.007),9.10e-01,9.32e-01,No,742,0.071 (0.056),2.04e-01,6.03e-01,No,-0.0 (0.007),9.92e-01,9.92e-01,No,585
cortical_thickness,CTQ_Abuse,male,R_isthmuscingulate_thickavg,-0.069 (0.105),5.13e-01,9.67e-01,No,0.015 (0.017),3.70e-01,7.86e-01,No,159,-0.14 (0.048) *,3.45e-03,2.35e-02,Yes,0.005 (0.007),4.86e-01,8.75e-01,No,742,-0.081 (0.056),1.49e-01,5.69e-01,No,0.01 (0.007),1.69e-01,7.68e-01,No,585
cortical_thickness,CTQ_Abuse,male,R_lateraloccipital_thickavg,-0.016 (0.105),8.80e-01,9.67e-01,No,0.019 (0.017),2.65e-01,7.67e-01,No,159,0.027 (0.048),5.76e-01,7.77e-01,No,-0.0 (0.007),9.81e-01,9.81e-01,No,742,-0.032 (0.056),5.66e-01,8.00e-01,No,0.011 (0.007),1.47e-01,7.13e-01,No,585
cortical_thickness,CTQ_Abuse,male,R_lateralorbitofrontal_thickavg,-0.044 (0.105),6.78e-01,9.67e-01,No,0.009 (0.017),6.03e-01,7.86e-01,No,159,0.197 (0.047) *,3.38e-05,7.66e-04,Yes,-0.012 (0.007),6.92e-02,6.65e-01,No,742,0.015 (0.056),7.97e-01,8.88e-01,No,-0.0 (0.007),9.76e-01,9.91e-01,No,585
cortical_thickness,CTQ_Abuse,male,R_lingual_thickavg,0.115 (0.103),2.70e-01,9.17e-01,No,-0.038 (0.017),2.16e-02,6.89e-01,No,159,0.01 (0.048),8.33e-01,9.45e-01,No,0.007 (0.007),2.90e-01,8.05e-01,No,742,-0.149 (0.056),7.73e-03,1.31e-01,No,0.018 (0.007),1.32e-02,4.39e-01,No,585
cortical_thickness,CTQ_Abuse,male,R_medialorbitofrontal_thickavg,-0.016 (0.105),8.79e-01,9.67e-01,No,-0.0 (0.017),9.98e-01,9.98e-01,No,159,0.227 (0.047) *,1.68e-06,9.96e-05,Yes,-0.01 (0.007),1.50e-01,7.54e-01,No,742,0.186 (0.056) *,8.85e-04,3.01e-02,Yes,-0.016 (0.007),2.58e-02,4.39e-01,No,585
cortical_thickness,CTQ_Abuse,male,R_middletemporal_thickavg,-0.097 (0.105),3.56e-01,9.67e-01,No,0.01 (0.017),5.56e-01,7.86e-01,No,159,-0.12 (0.047),1.10e-02,5.83e-02,No,-0.01 (0.007),1.47e-01,7.54e-01,No,742,-0.052 (0.056),3.57e-01,7.37e-01,No,0.007 (0.007),3.47e-01,8.65e-01,No,585
cortical_thickness,CTQ_Abuse,male,R_parahippocampal_thickavg,-0.1 (0.105),3.41e-01,9.67e-01,No,0.011 (0.017),5.18e-01,7.86e-01,No,159,0.042 (0.048),3.81e-01,6.48e-01,No,0.005 (0.007),4.99e-01,8.75e-01,No,742,-0.052 (0.056),3.50e-01,7.37e-01,No,0.008 (0.007),2.99e-01,8.65e-01,No,585
cortical_thickness,CTQ_Abuse,male,R_paracentral_thickavg,0.055 (0.104),5.97e-01,9.67e-01,No,-0.024 (0.017),1.53e-01,6.89e-01,No,159,0.05 (0.048),2.94e-01,5.56e-01,No,-0.009 (0.007),1.77e-01,7.54e-01,No,742,-0.079 (0.056),1.59e-01,5.69e-01,No,0.005 (0.007),4.81e-01,8.65e-01,No,585
cortical_thickness,CTQ_Abuse,male,R_parsopercularis_thickavg,0.066 (0.104),5.28e-01,9.67e-01,No,-0.029 (0.017),8.06e-02,6.89e-01,No,159,-0.059 (0.048),2.21e-01,4.78e-01,No,0.003 (0.007),6.82e-01,9.21e-01,No,742,-0.041 (0.056),4.67e-01,8.00e-01,No,-0.001 (0.007),8.89e-01,9.82e-01,No,585
cortical_thickness,CTQ_Abuse,male,R_parsorbitalis_thickavg,-0.162 (0.104),1.21e-01,6.87e-01,No,0.0 (0.017),9.82e-01,9.96e-01,No,159,0.065 (0.048),1.76e-01,4.26e-01,No,0.001 (0.007),8.61e-01,9.32e-01,No,742,0.08 (0.056),1.55e-01,5.69e-01,No,-0.016 (0.007),2.54e-02,4.39e-01,No,585
cortical_thickness,CTQ_Abuse,male,R_parstriangularis_thickavg,0.005 (0.105),9.63e-01,9.97e-01,No,-0.013 (0.017),4.38e-01,7.86e-01,No,159,0.077 (0.048),1.07e-01,2.90e-01,No,-0.006 (0.007),4.18e-01,8.38e-01,No,742,0.056 (0.056),3.17e-01,6.95e-01,No,-0.006 (0.007),3.74e-01,8.65e-01,No,585
cortical_thickness,CTQ_Abuse,male,R_pericalcarine_thickavg,-0.164 (0.103),1.13e-01,6.87e-01,No,-0.008 (0.016),6.12e-01,7.86e-01,No,159,-0.112 (0.048),1.88e-02,8.45e-02,No,0.006 (0.007),3.95e-01,8.38e-01,No,742,-0.038 (0.056),4.98e-01,8.00e-01,No,0.001 (0.007),8.99e-01,9.82e-01,No,585
cortical_thickness,CTQ_Abuse,male,R_postcentral_thickavg,-0.179 (0.103),8.30e-02,6.87e-01,No,-0.009 (0.016),5.84e-01,7.86e-01,No,159,-0.057 (0.048),2.36e-01,4.85e-01,No,-0.003 (0.007),6.12e-01,9.10e-01,No,742,0.006 (0.056),9.15e-01,9.39e-01,No,-0.003 (0.007),7.12e-01,8.97e-01,No,585
cortical_thickness,CTQ_Abuse,male,R_posteriorcingulate_thickavg,0.06 (0.105),5.68e-01,9.67e-01,No,-0.005 (0.017),7.58e-01,8.61e-01,No,159,-0.007 (0.048),8.79e-01,9.80e-01,No,-0.002 (0.007),8.22e-01,9.32e-01,No,742,0.025 (0.056),6.53e-01,8.00e-01,No,-0.012 (0.007),8.90e-02,6.73e-01,No,585
cortical_thickness,CTQ_Abuse,male,R_precentral_thickavg,-0.001 (0.105),9.93e-01,9.99e-01,No,-0.016 (0.017),3.40e-01,7.86e-01,No,159,-0.032 (0.048),5.07e-01,7.54e-01,No,-0.005 (0.007),4.95e-01,8.75e-01,No,742,0.03 (0.056),5.90e-01,8.00e-01,No,-0.004 (0.007),5.72e-01,8.65e-01,No,585
cortical_thickness,CTQ_Abuse,male,R_precuneus_thickavg,0.15 (0.104),1.52e-01,7.38e-01,No,-0.01 (0.017),5.31e-01,7.86e-01,No,159,0.094 (0.048),4.95e-02,1.60e-01,No,-0.001 (0.007),9.17e-01,9.32e-01,No,742,0.06 (0.056),2.84e-01,6.74e-01,No,-0.004 (0.007),5.56e-01,8.65e-01,No,585
cortical_thickness,CTQ_Abuse,male,R_rostralanteriorcingulate_thickavg,-0.0 (0.104),9.99e-01,9.99e-01,No,0.022 (0.017),1.82e-01,6.89e-01,No,159,0.03 (0.048),5.31e-01,7.68e-01,No,-0.004 (0.007),5.15e-01,8.75e-01,No,742,0.056 (0.056),3.16e-01,6.95e-01,No,-0.009 (0.007),2.38e-01,8.09e-01,No,585
cortical_thickness,CTQ_Abuse,male,R_rostralmiddlefrontal_thickavg,-0.072 (0.103),4.86e-01,9.67e-01,No,-0.027 (0.016),1.01e-01,6.89e-01,No,159,0.098 (0.048),3.96e-02,1.50e-01,No,-0.007 (0.007),3.08e-01,8.05e-01,No,742,0.026 (0.056),6.38e-01,8.00e-01,No,-0.009 (0.007),2.04e-01,8.00e-01,No,585
cortical_thickness,CTQ_Abuse,male,R_superiorfrontal_thickavg,0.178 (0.104),8.98e-02,6.87e-01,No,-0.025 (0.017),1.33e-01,6.89e-01,No,159,0.064 (0.048),1.82e-01,4.26e-01,No,-0.007 (0.007),2.76e-01,8.05e-01,No,742,-0.029 (0.056),6.11e-01,8.00e-01,No,-0.009 (0.007),2.06e-01,8.00e-01,No,585
cortical_thickness,CTQ_Abuse,male,R_superiorparietal_thickavg,0.119 (0.105),2.58e-01,9.17e-01,No,-0.007 (0.017),6.87e-01,8.19e-01,No,159,0.013 (0.048),7.82e-01,9.01e-01,No,0.008 (0.007),2.43e-01,7.87e-01,No,742,0.195 (0.056) *,4.87e-04,3.01e-02,Yes,-0.019 (0.007),8.04e-03,4.39e-01,No,585
cortical_thickness,CTQ_Abuse,male,R_superiortemporal_thickavg,-0.011 (0.105),9.15e-01,9.79e-01,No,0.007 (0.017),6.75e-01,8.19e-01,No,159,-0.062 (0.048),1.93e-01,4.36e-01,No,-0.003 (0.007),6.86e-01,9.21e-01,No,742,-0.065 (0.056),2.49e-01,6.49e-01,No,0.007 (0.007),3.14e-01,8.65e-01,No,585
cortical_thickness,CTQ_Abuse,male,R_supramargil_thickavg,-0.105 (0.105),3.17e-01,9.67e-01,No,0.002 (0.017),8.95e-01,9.51e-01,No,159,-0.131 (0.048) *,5.99e-03,3.71e-02,Yes,0.002 (0.007),8.02e-01,9.32e-01,No,742,-0.08 (0.056),1.53e-01,5.69e-01,No,0.004 (0.007),6.04e-01,8.65e-01,No,585
cortical_thickness,CTQ_Abuse,male,R_frontalpole_thickavg,0.025 (0.105),8.09e-01,9.67e-01,No,-0.011 (0.017),5.14e-01,7.86e-01,No,159,0.111 (0.048),1.99e-02,8.45e-02,No,-0.01 (0.007),1.56e-01,7.54e-01,No,742,-0.006 (0.056),9.10e-01,9.39e-01,No,0.005 (0.007),5.15e-01,8.65e-01,No,585
cortical_thickness,CTQ_Abuse,male,R_temporalpole_thickavg,-0.072 (0.105),4.95e-01,9.67e-01,No,0.006 (0.017),7.21e-01,8.45e-01,No,159,0.036 (0.048),4.49e-01,7.45e-01,No,-0.014 (0.007),3.98e-02,4.51e-01,No,742,0.08 (0.056),1.52e-01,5.69e-01,No,-0.005 (0.007),4.94e-01,8.65e-01,No,585
cortical_thickness,CTQ_Abuse,male,R_transversetemporal_thickavg,0.036 (0.105),7.32e-01,9.67e-01,No,0.003 (0.017),8.56e-01,9.39e-01,No,159,0.121 (0.048),1.11e-02,5.83e-02,No,-0.01 (0.007),1.59e-01,7.54e-01,No,742,0.03 (0.056),5.99e-01,8.00e-01,No,0.004 (0.007),5.81e-01,8.65e-01,No,585
cortical_thickness,CTQ_Abuse,male,R_insula_thickavg,0.075 (0.103),4.68e-01,9.67e-01,No,0.023 (0.016),1.58e-01,6.89e-01,No,159,-0.069 (0.048),1.51e-01,3.95e-01,No,0.004 (0.007),5.89e-01,9.10e-01,No,742,-0.013 (0.056),8.23e-01,9.03e-01,No,0.004 (0.007),6.23e-01,8.65e-01,No,585
subcortical_volume,CTQ_Abuse,female,Lthal,-0.017 (0.104),8.68e-01,8.68e-01,No,0.003 (0.014),8.25e-01,9.69e-01,No,189,-0.012 (0.046),7.89e-01,7.98e-01,No,-0.003 (0.006),6.26e-01,9.38e-01,No,1164,-0.006 (0.052),9.09e-01,9.09e-01,No,0.004 (0.006),5.82e-01,6.79e-01,No,867
subcortical_volume,CTQ_Abuse,female,Rthal,0.092 (0.103),3.72e-01,6.73e-01,No,0.001 (0.014),9.69e-01,9.69e-01,No,189,0.153 (0.046) *,9.64e-04,2.70e-03,Yes,-0.007 (0.006),2.36e-01,7.72e-01,No,1164,0.16 (0.051) *,1.93e-03,6.74e-03,Yes,-0.003 (0.006),6.30e-01,6.79e-01,No,867
subcortical_volume,CTQ_Abuse,female,Lcaud,-0.046 (0.103),6.59e-01,8.38e-01,No,-0.008 (0.014),5.61e-01,8.73e-01,No,189,-0.1 (0.046),3.15e-02,5.50e-02,No,0.006 (0.006),3.31e-01,7.72e-01,No,1164,-0.01 (0.052),8.41e-01,9.09e-01,No,-0.01 (0.006),1.28e-01,1.99e-01,No,867
subcortical_volume,CTQ_Abuse,female,Rcaud,-0.023 (0.103),8.21e-01,8.68e-01,No,-0.012 (0.014),3.68e-01,7.36e-01,No,189,-0.059 (0.046),2.02e-01,3.14e-01,No,0.001 (0.006),8.90e-01,9.41e-01,No,1164,0.09 (0.052),8.14e-02,1.42e-01,No,-0.019 (0.006) *,2.84e-03,3.98e-02,Yes,867
subcortical_volume,CTQ_Abuse,female,Lput,0.106 (0.103),3.05e-01,6.73e-01,No,-0.004 (0.014),7.51e-01,9.69e-01,No,189,-0.206 (0.046) *,8.30e-06,1.16e-04,Yes,0.011 (0.006),5.99e-02,4.19e-01,No,1164,-0.182 (0.051) *,4.09e-04,1.91e-03,Yes,0.004 (0.006),4.94e-01,6.28e-01,No,867
subcortical_volume,CTQ_Abuse,female,Rput,0.138 (0.103),1.83e-01,6.73e-01,No,-0.011 (0.014),4.35e-01,7.62e-01,No,189,-0.175 (0.046) *,1.55e-04,5.43e-04,Yes,0.011 (0.006),5.53e-02,4.19e-01,No,1164,0.006 (0.052),9.06e-01,9.09e-01,No,-0.009 (0.006),1.55e-01,2.17e-01,No,867
subcortical_volume,CTQ_Abuse,female,Lpal,0.219 (0.102),3.39e-02,4.74e-01,No,-0.021 (0.014),1.30e-01,5.43e-01,No,189,0.189 (0.046) *,4.02e-05,2.81e-04,Yes,-0.004 (0.006),4.85e-01,9.38e-01,No,1164,0.24 (0.051) *,3.08e-06,4.31e-05,Yes,-0.015 (0.006),1.50e-02,5.54e-02,No,867
subcortical_volume,CTQ_Abuse,female,Rpal,0.162 (0.103),1.18e-01,6.73e-01,No,-0.018 (0.014),1.87e-01,5.43e-01,No,189,0.183 (0.046) *,6.57e-05,3.06e-04,Yes,-0.002 (0.006),6.90e-01,9.38e-01,No,1164,0.21 (0.051) *,4.76e-05,3.33e-04,Yes,-0.016 (0.006),1.40e-02,5.54e-02,No,867
subcortical_volume,CTQ_Abuse,female,Lhippo,0.077 (0.103),4.55e-01,7.07e-01,No,-0.02 (0.014),1.47e-01,5.43e-01,No,189,-0.119 (0.046) *,1.03e-02,2.07e-02,Yes,0.007 (0.006),2.75e-01,7.72e-01,No,1164,-0.085 (0.052),1.03e-01,1.60e-01,No,0.011 (0.006),9.59e-02,1.68e-01,No,867
subcortical_volume,CTQ_Abuse,female,Rhippo,0.128 (0.103),2.17e-01,6.73e-01,No,-0.02 (0.014),1.55e-01,5.43e-01,No,189,-0.143 (0.046) *,1.91e-03,4.45e-03,Yes,0.002 (0.006),6.78e-01,9.38e-01,No,1164,-0.111 (0.052),3.26e-02,9.13e-02,No,0.012 (0.006),6.16e-02,1.44e-01,No,867
subcortical_volume,CTQ_Abuse,female,Lamyg,0.05 (0.103),6.33e-01,8.38e-01,No,-0.001 (0.014),9.28e-01,9.69e-01,No,189,0.03 (0.046),5.17e-01,6.57e-01,No,0.0 (0.006),9.41e-01,9.41e-01,No,1164,0.034 (0.052),5.07e-01,6.45e-01,No,-0.003 (0.006),6.85e-01,6.85e-01,No,867
subcortical_volume,CTQ_Abuse,female,Ramyg,0.105 (0.103),3.10e-01,6.73e-01,No,-0.016 (0.014),2.33e-01,5.43e-01,No,189,0.034 (0.046),4.61e-01,6.45e-01,No,0.001 (0.006),8.75e-01,9.41e-01,No,1164,0.092 (0.052),7.57e-02,1.42e-01,No,-0.015 (0.006),1.58e-02,5.54e-02,No,867
subcortical_volume,CTQ_Abuse,female,Laccumb,-0.026 (0.103),8.02e-01,8.68e-01,No,0.017 (0.014),2.08e-01,5.43e-01,No,189,0.019 (0.046),6.86e-01,7.98e-01,No,-0.006 (0.006),3.24e-01,7.72e-01,No,1164,0.061 (0.052),2.42e-01,3.39e-01,No,-0.012 (0.006),5.92e-02,1.44e-01,No,867
subcortical_volume,CTQ_Abuse,female,Raccumb,0.09 (0.103),3.84e-01,6.73e-01,No,-0.001 (0.014),9.37e-01,9.69e-01,No,189,0.012 (0.046),7.98e-01,7.98e-01,No,-0.002 (0.006),7.37e-01,9.38e-01,No,1164,0.104 (0.052),4.45e-02,1.04e-01,No,-0.011 (0.006),9.16e-02,1.68e-01,No,867
subcortical_volume,CTQ_Abuse,male,Lthal,-0.109 (0.104),2.97e-01,6.84e-01,No,0.012 (0.017),4.78e-01,9.77e-01,No,160,0.141 (0.047) *,2.98e-03,1.04e-02,Yes,-0.003 (0.007),6.17e-01,7.20e-01,No,744,0.043 (0.056),4.41e-01,5.61e-01,No,-0.013 (0.007),6.90e-02,2.98e-01,No,587
subcortical_volume,CTQ_Abuse,male,Rthal,-0.09 (0.104),3.91e-01,6.84e-01,No,-0.005 (0.017),7.50e-01,9.77e-01,No,160,0.159 (0.048) *,8.72e-04,4.07e-03,Yes,-0.013 (0.007),5.40e-02,4.52e-01,No,744,0.031 (0.056),5.75e-01,5.86e-01,No,-0.013 (0.007),8.52e-02,2.98e-01,No,587
subcortical_volume,CTQ_Abuse,male,Lcaud,0.098 (0.104),3.49e-01,6.84e-01,No,0.003 (0.017),8.37e-01,9.77e-01,No,160,-0.011 (0.048),8.18e-01,9.08e-01,No,0.009 (0.007),1.84e-01,4.52e-01,No,744,-0.031 (0.056),5.86e-01,5.86e-01,No,-0.002 (0.007),8.08e-01,8.70e-01,No,587
subcortical_volume,CTQ_Abuse,male,Rcaud,0.119 (0.104),2.53e-01,6.84e-01,No,0.007 (0.017),6.79e-01,9.77e-01,No,160,-0.042 (0.048),3.84e-01,5.98e-01,No,0.009 (0.007),1.98e-01,4.52e-01,No,744,-0.063 (0.056),2.60e-01,3.64e-01,No,0.004 (0.007),5.49e-01,8.53e-01,No,587
subcortical_volume,CTQ_Abuse,male,Lput,0.08 (0.104),4.40e-01,6.85e-01,No,0.008 (0.017),6.28e-01,9.77e-01,No,160,-0.106 (0.048),2.66e-02,7.45e-02,No,0.011 (0.007),1.04e-01,4.52e-01,No,744,-0.17 (0.056) *,2.34e-03,2.86e-02,Yes,0.014 (0.007),4.56e-02,2.98e-01,No,587
subcortical_volume,CTQ_Abuse,male,Rput,0.107 (0.104),3.02e-01,6.84e-01,No,0.008 (0.017),6.39e-01,9.77e-01,No,160,-0.052 (0.048),2.78e-01,4.87e-01,No,0.006 (0.007),3.57e-01,5.78e-01,No,744,-0.122 (0.056),2.93e-02,8.21e-02,No,0.013 (0.007),7.46e-02,2.98e-01,No,587
subcortical_volume,CTQ_Abuse,male,Lpal,0.001 (0.104),9.92e-01,9.92e-01,No,-0.02 (0.017),2.38e-01,9.77e-01,No,160,0.187 (0.047) *,8.36e-05,5.85e-04,Yes,-0.01 (0.007),1.43e-01,4.52e-01,No,744,0.16 (0.056) *,4.09e-03,2.86e-02,Yes,-0.008 (0.007),2.50e-01,7.00e-01,No,587
subcortical_volume,CTQ_Abuse,male,Rpal,0.05 (0.105),6.36e-01,8.51e-01,No,-0.004 (0.017),8.31e-01,9.77e-01,No,160,0.208 (0.047) *,1.18e-05,1.65e-04,Yes,-0.008 (0.007),2.21e-01,4.52e-01,No,744,0.148 (0.056) *,8.12e-03,3.79e-02,Yes,-0.007 (0.007),3.66e-01,8.53e-01,No,587
subcortical_volume,CTQ_Abuse,male,Lhippo,0.118 (0.104),2.57e-01,6.84e-01,No,-0.001 (0.017),9.72e-01,9.92e-01,No,160,-0.012 (0.048),8.03e-01,9.08e-01,No,0.005 (0.007),4.79e-01,6.71e-01,No,744,-0.106 (0.056),5.81e-02,1.18e-01,No,0.004 (0.007),6.22e-01,8.53e-01,No,587
subcortical_volume,CTQ_Abuse,male,Rhippo,0.01 (0.104),9.20e-01,9.92e-01,No,0.015 (0.017),3.64e-01,9.77e-01,No,160,-0.009 (0.048),8.43e-01,9.08e-01,No,0.001 (0.007),9.04e-01,9.47e-01,No,744,-0.103 (0.056),6.61e-02,1.18e-01,No,0.003 (0.007),7.30e-01,8.53e-01,No,587
subcortical_volume,CTQ_Abuse,male,Lamyg,0.106 (0.104),3.09e-01,6.84e-01,No,-0.022 (0.017),1.94e-01,9.77e-01,No,160,-0.08 (0.048),9.57e-02,1.91e-01,No,0.008 (0.007),2.26e-01,4.52e-01,No,744,-0.102 (0.056),6.74e-02,1.18e-01,No,-0.0 (0.007),9.70e-01,9.70e-01,No,587
subcortical_volume,CTQ_Abuse,male,Ramyg,-0.005 (0.105),9.59e-01,9.92e-01,No,0.006 (0.017),7.26e-01,9.77e-01,No,160,0.005 (0.048),9.23e-01,9.23e-01,No,0.0 (0.007),9.47e-01,9.47e-01,No,744,-0.138 (0.056) *,1.37e-02,4.79e-02,Yes,0.003 (0.007),6.44e-01,8.53e-01,No,587
subcortical_volume,CTQ_Abuse,male,Laccumb,0.093 (0.104),3.74e-01,6.84e-01,No,-0.005 (0.017),7.53e-01,9.77e-01,No,160,-0.02 (0.048),6.83e-01,9.08e-01,No,0.006 (0.007),3.71e-01,5.78e-01,No,744,0.068 (0.056),2.26e-01,3.51e-01,No,-0.006 (0.007),4.35e-01,8.53e-01,No,587
subcortical_volume,CTQ_Abuse,male,Raccumb,0.045 (0.105),6.68e-01,8.51e-01,No,-0.0 (0.017),9.92e-01,9.92e-01,No,160,0.082 (0.048),8.71e-02,1.91e-01,No,-0.004 (0.007),5.78e-01,7.20e-01,No,744,0.034 (0.056),5.44e-01,5.86e-01,No,0.002 (0.007),7.32e-01,8.53e-01,No,587
surface_area,CTQ_Abuse,female,L_bankssts_surfavg,0.079 (0.102),4.40e-01,9.31e-01,No,0.01 (0.014),4.59e-01,9.93e-01,No,189,-0.081 (0.046),8.09e-02,2.29e-01,No,-0.001 (0.006),9.05e-01,9.97e-01,No,1163,0.052 (0.052),3.16e-01,4.49e-01,No,-0.012 (0.006),5.77e-02,2.31e-01,No,864
surface_area,CTQ_Abuse,female,L_caudalanteriorcingulate_surfavg,-0.0 (0.103),9.98e-01,9.98e-01,No,-0.007 (0.014),6.32e-01,9.93e-01,No,189,-0.028 (0.046),5.51e-01,7.64e-01,No,-0.006 (0.006),2.96e-01,6.85e-01,No,1163,-0.102 (0.052),5.04e-02,1.01e-01,No,0.008 (0.006),2.15e-01,4.39e-01,No,864
surface_area,CTQ_Abuse,female,L_caudalmiddlefrontal_surfavg,-0.049 (0.103),6.36e-01,9.31e-01,No,0.013 (0.014),3.28e-01,9.93e-01,No,189,-0.038 (0.046),4.10e-01,7.14e-01,No,-0.004 (0.006),4.57e-01,7.62e-01,No,1163,-0.137 (0.052) *,8.50e-03,3.04e-02,Yes,0.011 (0.006),7.47e-02,2.65e-01,No,864
surface_area,CTQ_Abuse,female,L_cuneus_surfavg,0.063 (0.103),5.42e-01,9.31e-01,No,0.005 (0.014),6.94e-01,9.93e-01,No,189,-0.022 (0.046),6.29e-01,8.02e-01,No,0.005 (0.006),3.69e-01,7.20e-01,No,1163,0.016 (0.052),7.59e-01,8.24e-01,No,-0.007 (0.006),3.01e-01,5.12e-01,No,864
surface_area,CTQ_Abuse,female,L_entorhil_surfavg,-0.152 (0.102),1.40e-01,9.31e-01,No,0.001 (0.014),9.52e-01,9.93e-01,No,189,0.025 (0.046),5.87e-01,7.67e-01,No,0.0 (0.006),9.88e-01,9.97e-01,No,1163,0.104 (0.052),4.56e-02,9.39e-02,No,0.0 (0.006),9.82e-01,9.86e-01,No,864
surface_area,CTQ_Abuse,female,L_fusiform_surfavg,0.182 (0.103),7.75e-02,9.31e-01,No,-0.018 (0.014),1.88e-01,9.93e-01,No,189,-0.103 (0.046),2.59e-02,8.01e-02,No,0.0 (0.006),9.46e-01,9.97e-01,No,1163,-0.03 (0.052),5.57e-01,7.05e-01,No,0.001 (0.006),9.02e-01,9.85e-01,No,864
surface_area,CTQ_Abuse,female,L_inferiorparietal_surfavg,0.179 (0.103),8.28e-02,9.31e-01,No,-0.023 (0.014),8.97e-02,9.93e-01,No,189,-0.046 (0.046),3.19e-01,5.86e-01,No,-0.005 (0.006),3.66e-01,7.20e-01,No,1163,0.016 (0.052),7.63e-01,8.24e-01,No,-0.01 (0.006),1.03e-01,2.65e-01,No,864
surface_area,CTQ_Abuse,female,L_inferiortemporal_surfavg,-0.052 (0.101),6.09e-01,9.31e-01,No,-0.026 (0.013),5.41e-02,9.93e-01,No,189,0.123 (0.046) *,8.17e-03,3.70e-02,Yes,-0.008 (0.006),1.89e-01,5.89e-01,No,1163,0.121 (0.052),2.02e-02,5.08e-02,No,-0.008 (0.006),2.05e-01,4.36e-01,No,864
surface_area,CTQ_Abuse,female,L_isthmuscingulate_surfavg,-0.028 (0.103),7.88e-01,9.57e-01,No,0.016 (0.014),2.55e-01,9.93e-01,No,189,-0.075 (0.046),1.04e-01,2.61e-01,No,0.001 (0.006),8.75e-01,9.97e-01,No,1163,-0.085 (0.052),1.02e-01,1.82e-01,No,0.01 (0.006),1.04e-01,2.65e-01,No,864
surface_area,CTQ_Abuse,female,L_lateraloccipital_surfavg,0.145 (0.102),1.58e-01,9.31e-01,No,-0.001 (0.014),9.58e-01,9.93e-01,No,189,0.04 (0.046),3.92e-01,7.02e-01,No,0.008 (0.006),1.65e-01,5.89e-01,No,1163,0.135 (0.052) *,9.50e-03,3.23e-02,Yes,-0.01 (0.006),1.08e-01,2.65e-01,No,864
surface_area,CTQ_Abuse,female,L_lateralorbitofrontal_surfavg,-0.075 (0.103),4.65e-01,9.31e-01,No,-0.003 (0.014),8.09e-01,9.93e-01,No,189,-0.032 (0.046),4.88e-01,7.51e-01,No,0.007 (0.006),2.29e-01,5.89e-01,No,1163,0.074 (0.052),1.52e-01,2.58e-01,No,-0.002 (0.006),7.90e-01,9.10e-01,No,864
surface_area,CTQ_Abuse,female,L_lingual_surfavg,-0.105 (0.103),3.09e-01,9.31e-01,No,0.008 (0.014),5.73e-01,9.93e-01,No,189,-0.06 (0.046),1.95e-01,4.01e-01,No,0.014 (0.006),2.08e-02,2.85e-01,No,1163,-0.087 (0.052),9.34e-02,1.72e-01,No,0.011 (0.006),8.02e-02,2.65e-01,No,864
surface_area,CTQ_Abuse,female,L_medialorbitofrontal_surfavg,-0.057 (0.103),5.80e-01,9.31e-01,No,-0.004 (0.014),7.84e-01,9.93e-01,No,189,0.126 (0.046) *,6.54e-03,3.18e-02,Yes,-0.005 (0.006),4.02e-01,7.45e-01,No,1163,0.064 (0.052),2.17e-01,3.59e-01,No,0.0 (0.006),9.56e-01,9.85e-01,No,864
surface_area,CTQ_Abuse,female,L_middletemporal_surfavg,0.064 (0.103),5.36e-01,9.31e-01,No,-0.009 (0.014),5.33e-01,9.93e-01,No,189,0.173 (0.046) *,1.80e-04,2.33e-03,Yes,-0.015 (0.006),1.10e-02,2.50e-01,No,1163,0.188 (0.052) *,2.81e-04,2.38e-03,Yes,-0.011 (0.006),8.72e-02,2.65e-01,No,864
surface_area,CTQ_Abuse,female,L_parahippocampal_surfavg,-0.19 (0.102),6.44e-02,9.31e-01,No,0.007 (0.014),6.03e-01,9.93e-01,No,189,-0.077 (0.046),9.35e-02,2.54e-01,No,-0.005 (0.006),3.70e-01,7.20e-01,No,1163,0.004 (0.052),9.40e-01,9.40e-01,No,-0.006 (0.006),3.14e-01,5.21e-01,No,864
surface_area,CTQ_Abuse,female,L_paracentral_surfavg,0.036 (0.103),7.25e-01,9.31e-01,No,0.009 (0.014),5.06e-01,9.93e-01,No,189,-0.0 (0.046),1.00e+00,1.00e+00,No,0.001 (0.006),8.80e-01,9.97e-01,No,1163,-0.108 (0.052),3.76e-02,7.98e-02,No,0.011 (0.006),8.79e-02,2.65e-01,No,864
surface_area,CTQ_Abuse,female,L_parsopercularis_surfavg,0.008 (0.103),9.38e-01,9.98e-01,No,-0.005 (0.014),7.43e-01,9.93e-01,No,189,-0.136 (0.046) *,3.30e-03,1.98e-02,Yes,0.007 (0.006),2.26e-01,5.89e-01,No,1163,-0.128 (0.052) *,1.36e-02,3.71e-02,Yes,0.007 (0.006),2.82e-01,4.93e-01,No,864
surface_area,CTQ_Abuse,female,L_parsorbitalis_surfavg,-0.06 (0.103),5.60e-01,9.31e-01,No,-0.0 (0.014),9.93e-01,9.93e-01,No,189,0.11 (0.046),1.68e-02,6.02e-02,No,0.001 (0.006),9.20e-01,9.97e-01,No,1163,0.17 (0.052) *,9.90e-04,5.55e-03,Yes,-0.009 (0.006),1.43e-01,3.23e-01,No,864
surface_area,CTQ_Abuse,female,L_parstriangularis_surfavg,-0.055 (0.103),5.94e-01,9.31e-01,No,0.001 (0.014),9.49e-01,9.93e-01,No,189,-0.002 (0.046),9.68e-01,9.82e-01,No,-0.001 (0.006),8.41e-01,9.97e-01,No,1163,0.018 (0.052),7.25e-01,8.09e-01,No,-0.005 (0.006),4.81e-01,7.11e-01,No,864
surface_area,CTQ_Abuse,female,L_pericalcarine_surfavg,0.081 (0.103),4.31e-01,9.31e-01,No,0.001 (0.014),9.19e-01,9.93e-01,No,189,-0.027 (0.046),5.62e-01,7.64e-01,No,0.01 (0.006),9.96e-02,4.84e-01,No,1163,-0.099 (0.052),5.66e-02,1.07e-01,No,0.003 (0.006),6.92e-01,8.25e-01,No,864
surface_area,CTQ_Abuse,female,L_postcentral_surfavg,0.007 (0.104),9.43e-01,9.98e-01,No,0.002 (0.014),8.85e-01,9.93e-01,No,189,-0.047 (0.046),3.16e-01,5.86e-01,No,-0.0 (0.006),9.69e-01,9.97e-01,No,1163,-0.165 (0.052) *,1.44e-03,6.98e-03,Yes,0.016 (0.006),1.23e-02,1.05e-01,No,864
surface_area,CTQ_Abuse,female,L_posteriorcingulate_surfavg,-0.003 (0.103),9.80e-01,9.98e-01,No,-0.004 (0.014),7.84e-01,9.93e-01,No,189,-0.027 (0.046),5.54e-01,7.64e-01,No,-0.003 (0.006),6.08e-01,8.78e-01,No,1163,-0.028 (0.052),5.95e-01,7.14e-01,No,0.004 (0.006),5.55e-01,7.54e-01,No,864
surface_area,CTQ_Abuse,female,L_precentral_surfavg,0.001 (0.103),9.94e-01,9.98e-01,No,-0.007 (0.014),5.90e-01,9.93e-01,No,189,-0.03 (0.046),5.19e-01,7.64e-01,No,-0.005 (0.006),4.05e-01,7.45e-01,No,1163,-0.117 (0.052),2.45e-02,5.56e-02,No,0.008 (0.006),2.20e-01,4.39e-01,No,864
surface_area,CTQ_Abuse,female,L_precuneus_surfavg,0.004 (0.104),9.69e-01,9.98e-01,No,-0.001 (0.014),9.19e-01,9.93e-01,No,189,-0.059 (0.046),2.01e-01,4.01e-01,No,0.003 (0.006),6.20e-01,8.78e-01,No,1163,-0.11 (0.052),3.37e-02,7.39e-02,No,0.004 (0.006),5.40e-01,7.54e-01,No,864
surface_area,CTQ_Abuse,female,L_rostralanteriorcingulate_surfavg,-0.122 (0.103),2.38e-01,9.31e-01,No,0.005 (0.014),6.94e-01,9.93e-01,No,189,-0.066 (0.046),1.53e-01,3.29e-01,No,0.001 (0.006),8.66e-01,9.97e-01,No,1163,-0.171 (0.052) *,9.96e-04,5.55e-03,Yes,0.016 (0.006),1.36e-02,1.05e-01,No,864
surface_area,CTQ_Abuse,female,L_rostralmiddlefrontal_surfavg,-0.09 (0.103),3.86e-01,9.31e-01,No,0.001 (0.014),9.15e-01,9.93e-01,No,189,0.034 (0.046),4.58e-01,7.24e-01,No,-0.006 (0.006),2.94e-01,6.85e-01,No,1163,-0.027 (0.052),5.99e-01,7.14e-01,No,-0.003 (0.006),5.96e-01,7.78e-01,No,864
surface_area,CTQ_Abuse,female,L_superiorfrontal_surfavg,-0.056 (0.103),5.92e-01,9.31e-01,No,0.011 (0.014),4.22e-01,9.93e-01,No,189,0.084 (0.046),7.12e-02,2.11e-01,No,-0.008 (0.006),2.06e-01,5.89e-01,No,1163,0.052 (0.052),3.17e-01,4.49e-01,No,-0.001 (0.006),8.22e-01,9.31e-01,No,864
surface_area,CTQ_Abuse,female,L_superiorparietal_surfavg,0.039 (0.103),7.09e-01,9.31e-01,No,-0.003 (0.014),8.32e-01,9.93e-01,No,189,-0.14 (0.046) *,2.50e-03,1.84e-02,Yes,0.021 (0.006) *,4.62e-04,3.14e-02,Yes,1163,-0.133 (0.052) *,1.02e-02,3.30e-02,Yes,0.014 (0.006),2.71e-02,1.54e-01,No,864
surface_area,CTQ_Abuse,female,L_superiortemporal_surfavg,-0.05 (0.103),6.31e-01,9.31e-01,No,-0.002 (0.014),8.64e-01,9.93e-01,No,189,0.133 (0.046) *,4.19e-03,2.19e-02,Yes,-0.01 (0.006),8.35e-02,4.80e-01,No,1163,0.163 (0.052) *,1.66e-03,7.51e-03,Yes,-0.014 (0.006),2.95e-02,1.54e-01,No,864
surface_area,CTQ_Abuse,female,L_supramargil_surfavg,-0.063 (0.103),5.46e-01,9.31e-01,No,0.011 (0.014),4.16e-01,9.93e-01,No,189,-0.013 (0.046),7.82e-01,8.48e-01,No,-0.001 (0.006),9.17e-01,9.97e-01,No,1163,0.007 (0.052),8.87e-01,9.00e-01,No,0.01 (0.006),1.09e-01,2.65e-01,No,864
surface_area,CTQ_Abuse,female,L_frontalpole_surfavg,-0.031 (0.103),7.64e-01,9.57e-01,No,-0.005 (0.014),7.30e-01,9.93e-01,No,189,0.279 (0.045) *,9.20e-10,6.26e-08,Yes,-0.01 (0.006),8.47e-02,4.80e-01,No,1163,0.284 (0.051) *,3.16e-08,1.07e-06,Yes,-0.014 (0.006),2.86e-02,1.54e-01,No,864
surface_area,CTQ_Abuse,female,L_temporalpole_surfavg,-0.124 (0.103),2.31e-01,9.31e-01,No,0.009 (0.014),5.33e-01,9.93e-01,No,189,0.135 (0.046) *,3.49e-03,1.98e-02,Yes,-0.006 (0.006),3.34e-01,7.20e-01,No,1163,0.234 (0.051) *,5.37e-06,9.13e-05,Yes,-0.012 (0.006),5.31e-02,2.31e-01,No,864
surface_area,CTQ_Abuse,female,L_transversetemporal_surfavg,-0.185 (0.103),7.30e-02,9.31e-01,No,0.014 (0.014),3.16e-01,9.93e-01,No,189,0.018 (0.046),6.91e-01,8.24e-01,No,-0.007 (0.006),2.34e-01,5.89e-01,No,1163,-0.008 (0.052),8.83e-01,9.00e-01,No,0.0 (0.006),9.41e-01,9.85e-01,No,864
surface_area,CTQ_Abuse,female,L_insula_surfavg,-0.065 (0.103),5.33e-01,9.31e-01,No,0.004 (0.014),7.56e-01,9.93e-01,No,189,0.021 (0.046),6.47e-01,8.02e-01,No,-0.001 (0.006),8.70e-01,9.97e-01,No,1163,0.119 (0.052),2.21e-02,5.37e-02,No,-0.016 (0.006),1.39e-02,1.05e-01,No,864
surface_area,CTQ_Abuse,female,R_bankssts_surfavg,0.036 (0.103),7.25e-01,9.31e-01,No,-0.002 (0.014),8.68e-01,9.93e-01,No,189,-0.031 (0.046),4.97e-01,7.51e-01,No,-0.009 (0.006),1.33e-01,5.66e-01,No,1163,-0.01 (0.052),8.43e-01,8.95e-01,No,-0.0 (0.006),9.52e-01,9.85e-01,No,864
surface_area,CTQ_Abuse,female,R_caudalanteriorcingulate_surfavg,-0.056 (0.103),5.90e-01,9.31e-01,No,0.016 (0.014),2.42e-01,9.93e-01,No,189,-0.118 (0.046) *,1.07e-02,4.53e-02,Yes,0.004 (0.006),5.29e-01,8.18e-01,No,1163,-0.052 (0.052),3.12e-01,4.49e-01,No,0.011 (0.006),7.59e-02,2.65e-01,No,864
surface_area,CTQ_Abuse,female,R_caudalmiddlefrontal_surfavg,-0.113 (0.103),2.73e-01,9.31e-01,No,0.017 (0.014),2.23e-01,9.93e-01,No,189,0.035 (0.046),4.53e-01,7.24e-01,No,-0.008 (0.006),2.10e-01,5.89e-01,No,1163,-0.131 (0.052) *,1.17e-02,3.47e-02,Yes,0.01 (0.006),1.06e-01,2.65e-01,No,864
surface_area,CTQ_Abuse,female,R_cuneus_surfavg,0.073 (0.103),4.81e-01,9.31e-01,No,0.007 (0.014),6.16e-01,9.93e-01,No,189,0.017 (0.046),7.20e-01,8.29e-01,No,0.008 (0.006),2.04e-01,5.89e-01,No,1163,0.023 (0.052),6.56e-01,7.56e-01,No,-0.007 (0.006),2.68e-01,4.92e-01,No,864
surface_area,CTQ_Abuse,female,R_entorhil_surfavg,-0.118 (0.103),2.50e-01,9.31e-01,No,-0.003 (0.014),8.19e-01,9.93e-01,No,189,0.138 (0.046) *,2.71e-03,1.84e-02,Yes,0.0 (0.006),9.96e-01,9.97e-01,No,1163,0.209 (0.051) *,5.20e-05,5.89e-04,Yes,-0.018 (0.006),4.07e-03,9.23e-02,No,864
surface_area,CTQ_Abuse,female,R_fusiform_surfavg,0.01 (0.102),9.21e-01,9.98e-01,No,-0.022 (0.014),1.12e-01,9.93e-01,No,189,-0.144 (0.046) *,1.80e-03,1.53e-02,Yes,0.005 (0.006),4.25e-01,7.58e-01,No,1163,0.009 (0.052),8.67e-01,9.00e-01,No,-0.005 (0.006),3.92e-01,6.35e-01,No,864
surface_area,CTQ_Abuse,female,R_inferiorparietal_surfavg,-0.06 (0.103),5.62e-01,9.31e-01,No,-0.002 (0.014),9.01e-01,9.93e-01,No,189,-0.014 (0.046),7.70e-01,8.48e-01,No,-0.01 (0.006),9.46e-02,4.84e-01,No,1163,-0.021 (0.052),6.83e-01,7.74e-01,No,-0.0 (0.006),9.38e-01,9.85e-01,No,864
surface_area,CTQ_Abuse,female,R_inferiortemporal_surfavg,0.019 (0.103),8.53e-01,9.96e-01,No,-0.008 (0.014),5.52e-01,9.93e-01,No,189,0.075 (0.046),1.03e-01,2.61e-01,No,0.004 (0.006),4.82e-01,7.62e-01,No,1163,0.099 (0.052),5.55e-02,1.07e-01,No,-0.003 (0.006),6.50e-01,7.97e-01,No,864
surface_area,CTQ_Abuse,female,R_isthmuscingulate_surfavg,-0.072 (0.103),4.85e-01,9.31e-01,No,0.021 (0.014),1.32e-01,9.93e-01,No,189,0.01 (0.046),8.24e-01,8.62e-01,No,-0.002 (0.006),7.97e-01,9.97e-01,No,1163,-0.06 (0.052),2.45e-01,3.87e-01,No,0.005 (0.006),4.19e-01,6.62e-01,No,864
surface_area,CTQ_Abuse,female,R_lateraloccipital_surfavg,0.055 (0.103),5.97e-01,9.31e-01,No,-0.011 (0.014),4.15e-01,9.93e-01,No,189,0.071 (0.046),1.20e-01,2.81e-01,No,0.013 (0.006),2.75e-02,2.85e-01,No,1163,0.176 (0.052) *,6.59e-04,4.48e-03,Yes,-0.013 (0.006),3.56e-02,1.73e-01,No,864
surface_area,CTQ_Abuse,female,R_lateralorbitofrontal_surfavg,-0.178 (0.102),8.28e-02,9.31e-01,No,0.003 (0.014),8.39e-01,9.93e-01,No,189,-0.013 (0.046),7.86e-01,8.48e-01,No,0.004 (0.006),5.52e-01,8.34e-01,No,1163,0.03 (0.052),5.65e-01,7.05e-01,No,-0.003 (0.006),6.17e-01,7.78e-01,No,864
surface_area,CTQ_Abuse,female,R_lingual_surfavg,0.039 (0.103),7.04e-01,9.31e-01,No,0.002 (0.014),9.00e-01,9.93e-01,No,189,0.05 (0.046),2.76e-01,5.36e-01,No,0.006 (0.006),3.51e-01,7.20e-01,No,1163,0.082 (0.052),1.14e-01,1.99e-01,No,-0.007 (0.006),2.83e-01,4.93e-01,No,864
surface_area,CTQ_Abuse,female,R_medialorbitofrontal_surfavg,-0.029 (0.103),7.82e-01,9.57e-01,No,-0.006 (0.014),6.42e-01,9.93e-01,No,189,0.17 (0.046) *,2.06e-04,2.33e-03,Yes,0.0 (0.006),9.77e-01,9.97e-01,No,1163,0.302 (0.051) *,3.65e-09,2.48e-07,Yes,-0.015 (0.006),1.99e-02,1.35e-01,No,864
surface_area,CTQ_Abuse,female,R_middletemporal_surfavg,0.216 (0.102),3.50e-02,9.31e-01,No,-0.006 (0.014),6.59e-01,9.93e-01,No,189,0.155 (0.046) *,8.04e-04,7.81e-03,Yes,-0.014 (0.006),2.10e-02,2.85e-01,No,1163,0.152 (0.052) *,3.33e-03,1.33e-02,Yes,-0.008 (0.006),1.92e-01,4.21e-01,No,864
surface_area,CTQ_Abuse,female,R_parahippocampal_surfavg,-0.1 (0.103),3.32e-01,9.31e-01,No,0.002 (0.014),8.60e-01,9.93e-01,No,189,-0.025 (0.046),5.83e-01,7.67e-01,No,-0.007 (0.006),2.13e-01,5.89e-01,No,1163,-0.061 (0.052),2.37e-01,3.84e-01,No,-0.0 (0.006),9.86e-01,9.86e-01,No,864
surface_area,CTQ_Abuse,female,R_paracentral_surfavg,-0.133 (0.103),1.99e-01,9.31e-01,No,0.017 (0.014),2.03e-01,9.93e-01,No,189,-0.066 (0.046),1.55e-01,3.29e-01,No,0.007 (0.006),2.31e-01,5.89e-01,No,1163,-0.049 (0.052),3.42e-01,4.74e-01,No,0.003 (0.006),6.18e-01,7.78e-01,No,864
surface_area,CTQ_Abuse,female,R_parsopercularis_surfavg,-0.107 (0.102),2.98e-01,9.31e-01,No,0.027 (0.014),5.23e-02,9.93e-01,No,189,-0.104 (0.046),2.42e-02,7.83e-02,No,0.006 (0.006),3.02e-01,6.85e-01,No,1163,-0.181 (0.052) *,4.58e-04,3.46e-03,Yes,0.022 (0.006) *,7.16e-04,4.87e-02,Yes,864
surface_area,CTQ_Abuse,female,R_parsorbitalis_surfavg,0.007 (0.103),9.46e-01,9.98e-01,No,-0.006 (0.014),6.87e-01,9.93e-01,No,189,0.111 (0.046),1.64e-02,6.02e-02,No,-0.002 (0.006),7.38e-01,9.84e-01,No,1163,0.131 (0.052) *,1.14e-02,3.47e-02,Yes,-0.011 (0.006),9.32e-02,2.65e-01,No,864
surface_area,CTQ_Abuse,female,R_parstriangularis_surfavg,0.013 (0.103),9.04e-01,9.98e-01,No,0.009 (0.014),5.00e-01,9.93e-01,No,189,-0.019 (0.046),6.79e-01,8.24e-01,No,0.012 (0.006),4.27e-02,3.23e-01,No,1163,0.053 (0.052),3.11e-01,4.49e-01,No,-0.01 (0.006),1.16e-01,2.73e-01,No,864
surface_area,CTQ_Abuse,female,R_pericalcarine_surfavg,0.126 (0.103),2.22e-01,9.31e-01,No,0.0 (0.014),9.76e-01,9.93e-01,No,189,-0.035 (0.046),4.47e-01,7.24e-01,No,0.009 (0.006),1.17e-01,5.30e-01,No,1163,-0.029 (0.052),5.70e-01,7.05e-01,No,-0.003 (0.006),6.57e-01,7.97e-01,No,864
surface_area,CTQ_Abuse,female,R_postcentral_surfavg,0.04 (0.103),6.96e-01,9.31e-01,No,-0.013 (0.014),3.57e-01,9.93e-01,No,189,-0.009 (0.046),8.47e-01,8.73e-01,No,-0.012 (0.006),5.11e-02,3.47e-01,No,1163,-0.128 (0.052) *,1.33e-02,3.71e-02,Yes,0.016 (0.006),1.08e-02,1.05e-01,No,864
surface_area,CTQ_Abuse,female,R_posteriorcingulate_surfavg,-0.084 (0.103),4.14e-01,9.31e-01,No,0.023 (0.014),9.33e-02,9.93e-01,No,189,-0.029 (0.046),5.38e-01,7.64e-01,No,-0.002 (0.006),7.26e-01,9.84e-01,No,1163,-0.025 (0.052),6.34e-01,7.43e-01,No,0.005 (0.006),4.51e-01,6.91e-01,No,864
surface_area,CTQ_Abuse,female,R_precentral_surfavg,0.018 (0.104),8.64e-01,9.96e-01,No,0.0 (0.014),9.84e-01,9.93e-01,No,189,-0.021 (0.046),6.49e-01,8.02e-01,No,-0.012 (0.006),4.22e-02,3.23e-01,No,1163,-0.055 (0.052),2.92e-01,4.49e-01,No,0.005 (0.006),4.57e-01,6.91e-01,No,864
surface_area,CTQ_Abuse,female,R_precuneus_surfavg,-0.095 (0.103),3.61e-01,9.31e-01,No,0.013 (0.014),3.32e-01,9.93e-01,No,189,-0.074 (0.046),1.09e-01,2.66e-01,No,0.004 (0.006),4.74e-01,7.62e-01,No,1163,-0.122 (0.052) *,1.84e-02,4.80e-02,Yes,0.001 (0.006),8.54e-01,9.52e-01,No,864
surface_area,CTQ_Abuse,female,R_rostralanteriorcingulate_surfavg,-0.076 (0.103),4.61e-01,9.31e-01,No,0.014 (0.014),3.15e-01,9.93e-01,No,189,-0.179 (0.046) *,9.71e-05,1.65e-03,Yes,0.004 (0.006),4.76e-01,7.62e-01,No,1163,-0.17 (0.052) *,1.06e-03,5.55e-03,Yes,0.012 (0.006),5.66e-02,2.31e-01,No,864
surface_area,CTQ_Abuse,female,R_rostralmiddlefrontal_surfavg,0.037 (0.103),7.24e-01,9.31e-01,No,-0.01 (0.014),4.87e-01,9.93e-01,No,189,-0.017 (0.046),7.11e-01,8.29e-01,No,0.002 (0.006),6.85e-01,9.51e-01,No,1163,-0.118 (0.052),2.33e-02,5.47e-02,No,0.004 (0.006),5.06e-01,7.31e-01,No,864
surface_area,CTQ_Abuse,female,R_superiorfrontal_surfavg,0.089 (0.103),3.89e-01,9.31e-01,No,-0.007 (0.014),6.31e-01,9.93e-01,No,189,-0.016 (0.046),7.38e-01,8.36e-01,No,0.003 (0.006),5.98e-01,8.78e-01,No,1163,0.043 (0.052),4.06e-01,5.52e-01,No,-0.004 (0.006),5.66e-01,7.54e-01,No,864
surface_area,CTQ_Abuse,female,R_superiorparietal_surfavg,-0.124 (0.103),2.29e-01,9.31e-01,No,0.008 (0.014),5.62e-01,9.93e-01,No,189,-0.116 (0.046),1.25e-02,5.00e-02,No,0.013 (0.006),2.93e-02,2.85e-01,No,1163,-0.227 (0.051) *,1.14e-05,1.54e-04,Yes,0.017 (0.006),7.56e-03,1.05e-01,No,864
surface_area,CTQ_Abuse,female,R_superiortemporal_surfavg,0.051 (0.103),6.22e-01,9.31e-01,No,-0.004 (0.014),7.96e-01,9.93e-01,No,189,0.107 (0.046),2.14e-02,7.29e-02,No,-0.018 (0.006),3.09e-03,1.05e-01,No,1163,0.161 (0.052) *,1.85e-03,7.86e-03,Yes,-0.02 (0.006),2.21e-03,7.53e-02,No,864
surface_area,CTQ_Abuse,female,R_supramargil_surfavg,0.038 (0.103),7.14e-01,9.31e-01,No,-0.005 (0.014),7.38e-01,9.93e-01,No,189,-0.035 (0.046),4.53e-01,7.24e-01,No,-0.008 (0.006),1.60e-01,5.89e-01,No,1163,-0.143 (0.052) *,5.62e-03,2.12e-02,Yes,0.008 (0.006),2.27e-01,4.40e-01,No,864
surface_area,CTQ_Abuse,female,R_frontalpole_surfavg,0.069 (0.103),5.05e-01,9.31e-01,No,-0.011 (0.014),4.33e-01,9.93e-01,No,189,0.187 (0.046) *,4.39e-05,9.94e-04,Yes,0.0 (0.006),9.97e-01,9.97e-01,No,1163,0.198 (0.051) *,1.20e-04,1.17e-03,Yes,-0.007 (0.006),2.43e-01,4.58e-01,No,864
surface_area,CTQ_Abuse,female,R_temporalpole_surfavg,-0.061 (0.103),5.54e-01,9.31e-01,No,0.013 (0.014),3.29e-01,9.93e-01,No,189,0.226 (0.045) *,7.35e-07,2.50e-05,Yes,-0.005 (0.006),4.35e-01,7.58e-01,No,1163,0.237 (0.051) *,4.41e-06,9.13e-05,Yes,-0.016 (0.006),1.05e-02,1.05e-01,No,864
surface_area,CTQ_Abuse,female,R_transversetemporal_surfavg,-0.114 (0.103),2.68e-01,9.31e-01,No,0.001 (0.014),9.40e-01,9.93e-01,No,189,-0.07 (0.046),1.31e-01,2.97e-01,No,-0.001 (0.006),9.12e-01,9.97e-01,No,1163,-0.035 (0.052),5.02e-01,6.57e-01,No,0.004 (0.006),5.55e-01,7.54e-01,No,864
surface_area,CTQ_Abuse,female,R_insula_surfavg,0.023 (0.103),8.27e-01,9.86e-01,No,0.008 (0.014),5.77e-01,9.93e-01,No,189,-0.012 (0.046),8.03e-01,8.53e-01,No,-0.002 (0.006),7.92e-01,9.97e-01,No,1163,-0.038 (0.052),4.68e-01,6.24e-01,No,-0.002 (0.006),7.15e-01,8.38e-01,No,864
surface_area,CTQ_Abuse,male,L_bankssts_surfavg,0.002 (0.105),9.88e-01,9.88e-01,No,-0.009 (0.017),5.84e-01,9.17e-01,No,159,-0.063 (0.048),1.88e-01,4.84e-01,No,0.002 (0.007),7.47e-01,9.41e-01,No,742,-0.102 (0.056),6.84e-02,2.73e-01,No,0.013 (0.007),8.03e-02,7.75e-01,No,585
surface_area,CTQ_Abuse,male,L_caudalanteriorcingulate_surfavg,0.082 (0.105),4.33e-01,8.88e-01,No,-0.008 (0.017),6.53e-01,9.17e-01,No,159,0.063 (0.048),1.89e-01,4.84e-01,No,-0.003 (0.007),6.65e-01,9.18e-01,No,742,-0.057 (0.056),3.07e-01,5.36e-01,No,-0.008 (0.007),2.98e-01,7.75e-01,No,585
surface_area,CTQ_Abuse,male,L_caudalmiddlefrontal_surfavg,-0.094 (0.105),3.72e-01,8.88e-01,No,0.009 (0.017),5.83e-01,9.17e-01,No,159,-0.053 (0.048),2.70e-01,5.56e-01,No,0.011 (0.007),1.11e-01,5.48e-01,No,742,-0.028 (0.056),6.24e-01,8.61e-01,No,-0.001 (0.007),9.13e-01,9.44e-01,No,585
surface_area,CTQ_Abuse,male,L_cuneus_surfavg,0.06 (0.105),5.66e-01,8.88e-01,No,0.009 (0.017),5.81e-01,9.17e-01,No,159,0.003 (0.048),9.57e-01,9.86e-01,No,-0.001 (0.007),9.33e-01,9.98e-01,No,742,0.086 (0.056),1.27e-01,3.74e-01,No,-0.006 (0.007),3.77e-01,7.75e-01,No,585
surface_area,CTQ_Abuse,male,L_entorhil_surfavg,-0.081 (0.105),4.40e-01,8.88e-01,No,0.004 (0.017),7.94e-01,9.17e-01,No,159,0.0 (0.048),9.94e-01,9.94e-01,No,0.006 (0.007),3.83e-01,7.41e-01,No,742,0.012 (0.056),8.35e-01,9.16e-01,No,0.007 (0.007),3.43e-01,7.75e-01,No,585
surface_area,CTQ_Abuse,male,L_fusiform_surfavg,-0.057 (0.105),5.90e-01,8.88e-01,No,-0.007 (0.017),6.90e-01,9.17e-01,No,159,-0.074 (0.048),1.23e-01,4.66e-01,No,0.005 (0.007),4.37e-01,7.41e-01,No,742,0.076 (0.056),1.79e-01,4.17e-01,No,-0.009 (0.007),2.16e-01,7.75e-01,No,585
surface_area,CTQ_Abuse,male,L_inferiorparietal_surfavg,0.008 (0.104),9.39e-01,9.53e-01,No,-0.02 (0.017),2.37e-01,9.17e-01,No,159,-0.064 (0.048),1.78e-01,4.84e-01,No,-0.0 (0.007),9.69e-01,9.98e-01,No,742,-0.05 (0.056),3.78e-01,6.16e-01,No,0.01 (0.007),1.56e-01,7.75e-01,No,585
surface_area,CTQ_Abuse,male,L_inferiortemporal_surfavg,-0.023 (0.105),8.28e-01,9.39e-01,No,-0.002 (0.017),8.92e-01,9.59e-01,No,159,0.037 (0.048),4.45e-01,6.44e-01,No,-0.0 (0.007),9.79e-01,9.98e-01,No,742,-0.02 (0.056),7.21e-01,8.61e-01,No,0.005 (0.007),5.02e-01,7.75e-01,No,585
surface_area,CTQ_Abuse,male,L_isthmuscingulate_surfavg,-0.025 (0.105),8.14e-01,9.39e-01,No,0.01 (0.017),5.55e-01,9.17e-01,No,159,-0.006 (0.048),8.96e-01,9.83e-01,No,0.001 (0.007),9.12e-01,9.98e-01,No,742,-0.136 (0.056),1.54e-02,1.55e-01,No,0.009 (0.007),2.02e-01,7.75e-01,No,585
surface_area,CTQ_Abuse,male,L_lateraloccipital_surfavg,0.159 (0.104),1.29e-01,8.88e-01,No,-0.026 (0.017),1.15e-01,9.17e-01,No,159,0.037 (0.048),4.41e-01,6.44e-01,No,0.01 (0.007),1.33e-01,5.48e-01,No,742,0.049 (0.056),3.81e-01,6.16e-01,No,-0.004 (0.007),5.86e-01,8.48e-01,No,585
surface_area,CTQ_Abuse,male,L_lateralorbitofrontal_surfavg,-0.093 (0.105),3.79e-01,8.88e-01,No,0.006 (0.017),7.20e-01,9.17e-01,No,159,-0.057 (0.048),2.33e-01,5.29e-01,No,0.006 (0.007),3.66e-01,7.41e-01,No,742,0.096 (0.056),8.84e-02,3.00e-01,No,-0.009 (0.007),2.13e-01,7.75e-01,No,585
surface_area,CTQ_Abuse,male,L_lingual_surfavg,0.047 (0.105),6.53e-01,8.88e-01,No,0.006 (0.017),7.35e-01,9.17e-01,No,159,-0.005 (0.048),9.16e-01,9.85e-01,No,-0.008 (0.007),2.73e-01,6.87e-01,No,742,0.143 (0.056),1.08e-02,1.55e-01,No,-0.012 (0.007),9.82e-02,7.75e-01,No,585
surface_area,CTQ_Abuse,male,L_medialorbitofrontal_surfavg,0.012 (0.105),9.08e-01,9.53e-01,No,-0.006 (0.017),7.41e-01,9.17e-01,No,159,0.049 (0.048),3.11e-01,6.03e-01,No,-0.007 (0.007),3.00e-01,7.04e-01,No,742,0.119 (0.056),3.36e-02,2.08e-01,No,-0.017 (0.007),2.09e-02,7.09e-01,No,585
surface_area,CTQ_Abuse,male,L_middletemporal_surfavg,-0.175 (0.103),9.04e-02,8.88e-01,No,-0.009 (0.016),5.77e-01,9.17e-01,No,159,0.031 (0.048),5.19e-01,6.66e-01,No,-0.002 (0.007),7.18e-01,9.38e-01,No,742,0.044 (0.056),4.37e-01,6.90e-01,No,0.005 (0.007),4.64e-01,7.75e-01,No,585
surface_area,CTQ_Abuse,male,L_parahippocampal_surfavg,-0.148 (0.104),1.58e-01,8.88e-01,No,0.007 (0.017),6.67e-01,9.17e-01,No,159,-0.154 (0.048) *,1.24e-03,1.41e-02,Yes,0.018 (0.007),9.81e-03,3.34e-01,No,742,0.008 (0.056),8.89e-01,9.30e-01,No,0.002 (0.007),7.60e-01,8.79e-01,No,585
surface_area,CTQ_Abuse,male,L_paracentral_surfavg,-0.12 (0.105),2.55e-01,8.88e-01,No,0.008 (0.017),6.39e-01,9.17e-01,No,159,-0.091 (0.048),5.64e-02,2.56e-01,No,0.011 (0.007),1.13e-01,5.48e-01,No,742,-0.104 (0.056),6.32e-02,2.69e-01,No,-0.001 (0.007),9.41e-01,9.55e-01,No,585
surface_area,CTQ_Abuse,male,L_parsopercularis_surfavg,0.048 (0.104),6.47e-01,8.88e-01,No,0.023 (0.017),1.76e-01,9.17e-01,No,159,0.101 (0.048),3.42e-02,1.94e-01,No,-0.007 (0.007),3.22e-01,7.30e-01,No,742,-0.066 (0.056),2.41e-01,4.96e-01,No,0.005 (0.007),5.13e-01,7.75e-01,No,585
surface_area,CTQ_Abuse,male,L_parsorbitalis_surfavg,0.102 (0.105),3.32e-01,8.88e-01,No,-0.015 (0.017),3.62e-01,9.17e-01,No,159,0.199 (0.047) *,2.77e-05,9.41e-04,Yes,-0.01 (0.007),1.55e-01,5.48e-01,No,742,0.097 (0.056),8.44e-02,3.00e-01,No,-0.006 (0.007),4.18e-01,7.75e-01,No,585
surface_area,CTQ_Abuse,male,L_parstriangularis_surfavg,-0.045 (0.104),6.66e-01,8.88e-01,No,0.026 (0.017),1.25e-01,9.17e-01,No,159,0.105 (0.048),2.79e-02,1.94e-01,No,-0.009 (0.007),1.91e-01,5.75e-01,No,742,0.1 (0.056),7.50e-02,2.83e-01,No,-0.008 (0.007),2.97e-01,7.75e-01,No,585
surface_area,CTQ_Abuse,male,L_pericalcarine_surfavg,0.107 (0.104),3.05e-01,8.88e-01,No,0.014 (0.017),4.17e-01,9.17e-01,No,159,0.007 (0.048),8.82e-01,9.83e-01,No,-0.005 (0.007),4.43e-01,7.41e-01,No,742,0.058 (0.056),2.99e-01,5.35e-01,No,-0.003 (0.007),6.58e-01,8.79e-01,No,585
surface_area,CTQ_Abuse,male,L_postcentral_surfavg,-0.103 (0.105),3.29e-01,8.88e-01,No,0.006 (0.017),7.32e-01,9.17e-01,No,159,-0.043 (0.048),3.66e-01,6.03e-01,No,0.005 (0.007),4.57e-01,7.41e-01,No,742,-0.138 (0.056),1.40e-02,1.55e-01,No,0.014 (0.007),5.50e-02,7.75e-01,No,585
surface_area,CTQ_Abuse,male,L_posteriorcingulate_surfavg,0.051 (0.105),6.27e-01,8.88e-01,No,-0.013 (0.017),4.30e-01,9.17e-01,No,159,0.014 (0.048),7.71e-01,8.89e-01,No,-0.006 (0.007),4.13e-01,7.41e-01,No,742,-0.135 (0.056),1.60e-02,1.55e-01,No,0.002 (0.007),7.43e-01,8.79e-01,No,585
surface_area,CTQ_Abuse,male,L_precentral_surfavg,0.064 (0.105),5.44e-01,8.88e-01,No,-0.001 (0.017),9.59e-01,9.59e-01,No,159,-0.038 (0.048),4.21e-01,6.37e-01,No,0.015 (0.007),3.15e-02,3.45e-01,No,742,-0.019 (0.056),7.37e-01,8.61e-01,No,0.003 (0.007),7.21e-01,8.79e-01,No,585
surface_area,CTQ_Abuse,male,L_precuneus_surfavg,-0.186 (0.104),7.51e-02,8.88e-01,No,0.013 (0.017),4.30e-01,9.17e-01,No,159,-0.068 (0.048),1.53e-01,4.84e-01,No,-0.004 (0.007),5.34e-01,8.22e-01,No,742,-0.106 (0.056),5.96e-02,2.69e-01,No,0.005 (0.007),4.66e-01,7.75e-01,No,585
surface_area,CTQ_Abuse,male,L_rostralanteriorcingulate_surfavg,-0.168 (0.104),1.09e-01,8.88e-01,No,0.015 (0.017),3.71e-01,9.17e-01,No,159,-0.032 (0.048),5.05e-01,6.66e-01,No,0.005 (0.007),4.99e-01,7.89e-01,No,742,0.021 (0.056),7.09e-01,8.61e-01,No,-0.011 (0.007),1.21e-01,7.75e-01,No,585
surface_area,CTQ_Abuse,male,L_rostralmiddlefrontal_surfavg,-0.04 (0.105),7.04e-01,9.21e-01,No,-0.009 (0.017),5.89e-01,9.17e-01,No,159,0.063 (0.048),1.88e-01,4.84e-01,No,0.003 (0.007),6.64e-01,9.18e-01,No,742,-0.019 (0.056),7.36e-01,8.61e-01,No,-0.006 (0.007),4.22e-01,7.75e-01,No,585
surface_area,CTQ_Abuse,male,L_superiorfrontal_surfavg,0.026 (0.105),8.05e-01,9.39e-01,No,-0.01 (0.017),5.69e-01,9.17e-01,No,159,-0.046 (0.048),3.36e-01,6.03e-01,No,0.015 (0.007),2.81e-02,3.45e-01,No,742,0.018 (0.056),7.54e-01,8.61e-01,No,0.002 (0.007),8.04e-01,9.11e-01,No,585
surface_area,CTQ_Abuse,male,L_superiorparietal_surfavg,0.024 (0.105),8.18e-01,9.39e-01,No,0.011 (0.017),5.02e-01,9.17e-01,No,159,0.015 (0.048),7.46e-01,8.75e-01,No,-0.013 (0.007),6.21e-02,3.84e-01,No,742,0.01 (0.056),8.56e-01,9.23e-01,No,-0.002 (0.007),7.62e-01,8.79e-01,No,585
surface_area,CTQ_Abuse,male,L_superiortemporal_surfavg,-0.012 (0.105),9.10e-01,9.53e-01,No,0.005 (0.017),7.54e-01,9.17e-01,No,159,0.032 (0.048),4.99e-01,6.66e-01,No,0.001 (0.007),8.66e-01,9.98e-01,No,742,0.076 (0.056),1.77e-01,4.17e-01,No,-0.005 (0.007),5.04e-01,7.75e-01,No,585
surface_area,CTQ_Abuse,male,L_supramargil_surfavg,0.072 (0.105),4.94e-01,8.88e-01,No,-0.01 (0.017),5.71e-01,9.17e-01,No,159,0.041 (0.048),3.86e-01,6.11e-01,No,-0.01 (0.007),1.51e-01,5.48e-01,No,742,-0.019 (0.056),7.31e-01,8.61e-01,No,0.011 (0.007),1.37e-01,7.75e-01,No,585
surface_area,CTQ_Abuse,male,L_frontalpole_surfavg,0.063 (0.105),5.50e-01,8.88e-01,No,-0.018 (0.017),2.79e-01,9.17e-01,No,159,0.191 (0.047) *,5.87e-05,1.33e-03,Yes,-0.013 (0.007),5.33e-02,3.76e-01,No,742,0.106 (0.056),5.99e-02,2.69e-01,No,-0.009 (0.007),2.32e-01,7.75e-01,No,585
surface_area,CTQ_Abuse,male,L_temporalpole_surfavg,-0.031 (0.105),7.72e-01,9.39e-01,No,0.005 (0.017),7.49e-01,9.17e-01,No,159,0.062 (0.048),1.92e-01,4.84e-01,No,-0.001 (0.007),9.01e-01,9.98e-01,No,742,0.146 (0.056),8.96e-03,1.55e-01,No,-0.005 (0.007),4.83e-01,7.75e-01,No,585
surface_area,CTQ_Abuse,male,L_transversetemporal_surfavg,0.03 (0.105),7.78e-01,9.39e-01,No,-0.003 (0.017),8.75e-01,9.59e-01,No,159,-0.045 (0.048),3.47e-01,6.03e-01,No,0.009 (0.007),2.10e-01,5.96e-01,No,742,0.027 (0.056),6.30e-01,8.61e-01,No,-0.009 (0.007),1.97e-01,7.75e-01,No,585
surface_area,CTQ_Abuse,male,L_insula_surfavg,-0.081 (0.105),4.40e-01,8.88e-01,No,0.019 (0.017),2.61e-01,9.17e-01,No,159,0.003 (0.048),9.53e-01,9.86e-01,No,0.001 (0.007),9.37e-01,9.98e-01,No,742,0.056 (0.056),3.17e-01,5.40e-01,No,-0.008 (0.007),3.03e-01,7.75e-01,No,585
surface_area,CTQ_Abuse,male,R_bankssts_surfavg,-0.076 (0.105),4.73e-01,8.88e-01,No,0.01 (0.017),5.40e-01,9.17e-01,No,159,-0.166 (0.048) *,5.08e-04,6.91e-03,Yes,0.01 (0.007),1.32e-01,5.48e-01,No,742,-0.108 (0.056),5.52e-02,2.69e-01,No,0.006 (0.007),4.18e-01,7.75e-01,No,585
surface_area,CTQ_Abuse,male,R_caudalanteriorcingulate_surfavg,0.085 (0.105),4.21e-01,8.88e-01,No,-0.011 (0.017),5.09e-01,9.17e-01,No,159,-0.022 (0.048),6.53e-01,7.92e-01,No,0.006 (0.007),4.00e-01,7.41e-01,No,742,-0.111 (0.056),4.89e-02,2.69e-01,No,0.011 (0.007),1.22e-01,7.75e-01,No,585
surface_area,CTQ_Abuse,male,R_caudalmiddlefrontal_surfavg,-0.009 (0.104),9.28e-01,9.53e-01,No,0.024 (0.017),1.57e-01,9.17e-01,No,159,0.043 (0.048),3.72e-01,6.03e-01,No,0.001 (0.007),8.77e-01,9.98e-01,No,742,-0.004 (0.056),9.42e-01,9.70e-01,No,-0.002 (0.007),7.47e-01,8.79e-01,No,585
surface_area,CTQ_Abuse,male,R_cuneus_surfavg,0.228 (0.103),2.88e-02,8.88e-01,No,-0.014 (0.017),3.96e-01,9.17e-01,No,159,0.053 (0.048),2.65e-01,5.56e-01,No,-0.01 (0.007),1.61e-01,5.48e-01,No,742,0.062 (0.056),2.70e-01,5.28e-01,No,-0.005 (0.007),5.04e-01,7.75e-01,No,585
surface_area,CTQ_Abuse,male,R_entorhil_surfavg,-0.076 (0.105),4.67e-01,8.88e-01,No,0.02 (0.017),2.25e-01,9.17e-01,No,159,-0.054 (0.048),2.54e-01,5.56e-01,No,0.022 (0.007),1.60e-03,1.09e-01,No,742,0.062 (0.056),2.72e-01,5.28e-01,No,-0.001 (0.007),8.69e-01,9.44e-01,No,585
surface_area,CTQ_Abuse,male,R_fusiform_surfavg,-0.107 (0.104),3.01e-01,8.88e-01,No,-0.013 (0.017),4.37e-01,9.17e-01,No,159,-0.061 (0.048),2.06e-01,5.00e-01,No,0.005 (0.007),4.55e-01,7.41e-01,No,742,0.032 (0.056),5.71e-01,8.61e-01,No,0.001 (0.007),8.52e-01,9.44e-01,No,585
surface_area,CTQ_Abuse,male,R_inferiorparietal_surfavg,0.117 (0.105),2.64e-01,8.88e-01,No,-0.009 (0.017),5.74e-01,9.17e-01,No,159,0.023 (0.048),6.37e-01,7.88e-01,No,-0.003 (0.007),6.91e-01,9.21e-01,No,742,-0.119 (0.056),3.34e-02,2.08e-01,No,0.009 (0.007),2.19e-01,7.75e-01,No,585
surface_area,CTQ_Abuse,male,R_inferiortemporal_surfavg,-0.155 (0.104),1.40e-01,8.88e-01,No,0.019 (0.017),2.52e-01,9.17e-01,No,159,-0.04 (0.048),4.02e-01,6.22e-01,No,-0.0 (0.007),9.80e-01,9.98e-01,No,742,-0.03 (0.056),5.96e-01,8.61e-01,No,0.001 (0.007),9.16e-01,9.44e-01,No,585
surface_area,CTQ_Abuse,male,R_isthmuscingulate_surfavg,0.123 (0.105),2.43e-01,8.88e-01,No,-0.012 (0.017),4.83e-01,9.17e-01,No,159,0.072 (0.048),1.32e-01,4.72e-01,No,-0.0 (0.007),9.90e-01,9.98e-01,No,742,-0.04 (0.056),4.75e-01,7.33e-01,No,0.003 (0.007),6.62e-01,8.79e-01,No,585
surface_area,CTQ_Abuse,male,R_lateraloccipital_surfavg,0.102 (0.104),3.29e-01,8.88e-01,No,-0.027 (0.017),1.05e-01,9.17e-01,No,159,0.031 (0.048),5.15e-01,6.66e-01,No,-0.004 (0.007),5.65e-01,8.35e-01,No,742,0.076 (0.056),1.76e-01,4.17e-01,No,-0.005 (0.007),4.92e-01,7.75e-01,No,585
surface_area,CTQ_Abuse,male,R_lateralorbitofrontal_surfavg,-0.114 (0.105),2.77e-01,8.88e-01,No,0.014 (0.017),4.17e-01,9.17e-01,No,159,0.044 (0.048),3.60e-01,6.03e-01,No,-0.0 (0.007),9.98e-01,9.98e-01,No,742,0.127 (0.056),2.32e-02,1.97e-01,No,-0.016 (0.007),3.30e-02,7.47e-01,No,585
surface_area,CTQ_Abuse,male,R_lingual_surfavg,0.076 (0.105),4.69e-01,8.88e-01,No,0.001 (0.017),9.36e-01,9.59e-01,No,159,0.043 (0.048),3.72e-01,6.03e-01,No,-0.009 (0.007),1.94e-01,5.75e-01,No,742,0.075 (0.056),1.84e-01,4.17e-01,No,-0.01 (0.007),1.68e-01,7.75e-01,No,585
surface_area,CTQ_Abuse,male,R_medialorbitofrontal_surfavg,-0.111 (0.104),2.89e-01,8.88e-01,No,-0.004 (0.017),7.89e-01,9.17e-01,No,159,0.143 (0.048) *,2.77e-03,2.69e-02,Yes,-0.01 (0.007),1.28e-01,5.48e-01,No,742,0.221 (0.055) *,7.64e-05,2.60e-03,Yes,-0.023 (0.007),1.74e-03,1.18e-01,No,585
surface_area,CTQ_Abuse,male,R_middletemporal_surfavg,-0.202 (0.103),5.15e-02,8.88e-01,No,0.001 (0.017),9.28e-01,9.59e-01,No,159,0.011 (0.048),8.22e-01,9.32e-01,No,-0.006 (0.007),3.90e-01,7.41e-01,No,742,-0.017 (0.056),7.60e-01,8.61e-01,No,-0.002 (0.007),7.46e-01,8.79e-01,No,585
surface_area,CTQ_Abuse,male,R_parahippocampal_surfavg,-0.054 (0.104),6.08e-01,8.88e-01,No,-0.012 (0.017),4.57e-01,9.17e-01,No,159,-0.094 (0.048),4.99e-02,2.42e-01,No,0.007 (0.007),2.96e-01,7.04e-01,No,742,-0.02 (0.056),7.26e-01,8.61e-01,No,-0.007 (0.007),3.54e-01,7.75e-01,No,585
surface_area,CTQ_Abuse,male,R_paracentral_surfavg,0.085 (0.105),4.21e-01,8.88e-01,No,0.002 (0.017),9.03e-01,9.59e-01,No,159,-0.098 (0.048),4.10e-02,2.15e-01,No,0.006 (0.007),3.98e-01,7.41e-01,No,742,-0.08 (0.056),1.52e-01,4.14e-01,No,0.001 (0.007),9.10e-01,9.44e-01,No,585
surface_area,CTQ_Abuse,male,R_parsopercularis_surfavg,-0.114 (0.103),2.71e-01,8.88e-01,No,0.042 (0.016),1.24e-02,8.41e-01,No,159,0.004 (0.048),9.27e-01,9.85e-01,No,0.009 (0.007),1.94e-01,5.75e-01,No,742,-0.06 (0.056),2.89e-01,5.32e-01,No,0.001 (0.007),8.93e-01,9.44e-01,No,585
surface_area,CTQ_Abuse,male,R_parsorbitalis_surfavg,-0.047 (0.105),6.54e-01,8.88e-01,No,0.004 (0.017),8.16e-01,9.25e-01,No,159,0.103 (0.048),3.15e-02,1.94e-01,No,-0.005 (0.007),4.28e-01,7.41e-01,No,742,0.061 (0.056),2.80e-01,5.29e-01,No,-0.004 (0.007),5.80e-01,8.48e-01,No,585
surface_area,CTQ_Abuse,male,R_parstriangularis_surfavg,-0.067 (0.105),5.24e-01,8.88e-01,No,0.018 (0.017),2.85e-01,9.17e-01,No,159,0.033 (0.048),4.88e-01,6.66e-01,No,0.002 (0.007),7.47e-01,9.41e-01,No,742,0.021 (0.056),7.09e-01,8.61e-01,No,0.0 (0.007),9.69e-01,9.69e-01,No,585
surface_area,CTQ_Abuse,male,R_pericalcarine_surfavg,0.142 (0.103),1.71e-01,8.88e-01,No,0.008 (0.017),6.17e-01,9.17e-01,No,159,0.059 (0.048),2.18e-01,5.11e-01,No,-0.013 (0.007),5.25e-02,3.76e-01,No,742,0.082 (0.056),1.44e-01,4.09e-01,No,-0.009 (0.007),2.06e-01,7.75e-01,No,585
surface_area,CTQ_Abuse,male,R_postcentral_surfavg,0.046 (0.105),6.64e-01,8.88e-01,No,0.001 (0.017),9.43e-01,9.59e-01,No,159,-0.001 (0.048),9.77e-01,9.92e-01,No,-0.006 (0.007),3.58e-01,7.41e-01,No,742,-0.068 (0.056),2.27e-01,4.92e-01,No,0.006 (0.007),4.01e-01,7.75e-01,No,585
surface_area,CTQ_Abuse,male,R_posteriorcingulate_surfavg,-0.053 (0.105),6.15e-01,8.88e-01,No,-0.005 (0.017),7.52e-01,9.17e-01,No,159,-0.023 (0.048),6.31e-01,7.88e-01,No,0.003 (0.007),6.67e-01,9.18e-01,No,742,-0.091 (0.056),1.07e-01,3.45e-01,No,0.006 (0.007),3.88e-01,7.75e-01,No,585
surface_area,CTQ_Abuse,male,R_precentral_surfavg,-0.01 (0.105),9.26e-01,9.53e-01,No,0.004 (0.017),7.94e-01,9.17e-01,No,159,-0.033 (0.048),4.90e-01,6.66e-01,No,0.01 (0.007),1.54e-01,5.48e-01,No,742,-0.067 (0.056),2.31e-01,4.92e-01,No,0.006 (0.007),3.80e-01,7.75e-01,No,585
surface_area,CTQ_Abuse,male,R_precuneus_surfavg,0.051 (0.105),6.30e-01,8.88e-01,No,-0.015 (0.017),3.72e-01,9.17e-01,No,159,-0.077 (0.048),1.06e-01,4.35e-01,No,0.0 (0.007),9.52e-01,9.98e-01,No,742,-0.077 (0.056),1.69e-01,4.17e-01,No,0.006 (0.007),4.23e-01,7.75e-01,No,585
surface_area,CTQ_Abuse,male,R_rostralanteriorcingulate_surfavg,0.034 (0.105),7.48e-01,9.39e-01,No,0.004 (0.017),7.96e-01,9.17e-01,No,159,-0.114 (0.048),1.72e-02,1.46e-01,No,0.013 (0.007),5.53e-02,3.76e-01,No,742,-0.023 (0.056),6.86e-01,8.61e-01,No,0.003 (0.007),6.82e-01,8.79e-01,No,585
surface_area,CTQ_Abuse,male,R_rostralmiddlefrontal_surfavg,0.01 (0.105),9.25e-01,9.53e-01,No,-0.01 (0.017),5.51e-01,9.17e-01,No,159,0.045 (0.048),3.49e-01,6.03e-01,No,-0.001 (0.007),9.08e-01,9.98e-01,No,742,-0.001 (0.056),9.80e-01,9.80e-01,No,-0.007 (0.007),3.70e-01,7.75e-01,No,585
surface_area,CTQ_Abuse,male,R_superiorfrontal_surfavg,-0.066 (0.105),5.32e-01,8.88e-01,No,-0.006 (0.017),7.11e-01,9.17e-01,No,159,-0.045 (0.048),3.49e-01,6.03e-01,No,0.015 (0.007),2.79e-02,3.45e-01,No,742,0.029 (0.056),6.08e-01,8.61e-01,No,-0.007 (0.007),3.43e-01,7.75e-01,No,585
surface_area,CTQ_Abuse,male,R_superiorparietal_surfavg,-0.063 (0.105),5.50e-01,8.88e-01,No,0.007 (0.017),6.67e-01,9.17e-01,No,159,-0.104 (0.048),2.92e-02,1.94e-01,No,-0.003 (0.007),6.75e-01,9.18e-01,No,742,0.024 (0.056),6.72e-01,8.61e-01,No,-0.003 (0.007),6.42e-01,8.79e-01,No,585
surface_area,CTQ_Abuse,male,R_superiortemporal_surfavg,0.103 (0.105),3.27e-01,8.88e-01,No,-0.021 (0.017),2.15e-01,9.17e-01,No,159,0.02 (0.048),6.70e-01,7.99e-01,No,-0.004 (0.007),5.44e-01,8.22e-01,No,742,0.003 (0.056),9.59e-01,9.74e-01,No,-0.002 (0.007),7.47e-01,8.79e-01,No,585
surface_area,CTQ_Abuse,male,R_supramargil_surfavg,0.077 (0.105),4.67e-01,8.88e-01,No,-0.012 (0.017),4.91e-01,9.17e-01,No,159,-0.077 (0.048),1.09e-01,4.35e-01,No,0.002 (0.007),7.92e-01,9.79e-01,No,742,-0.013 (0.056),8.23e-01,9.16e-01,No,0.009 (0.007),2.12e-01,7.75e-01,No,585
surface_area,CTQ_Abuse,male,R_frontalpole_surfavg,0.02 (0.104),8.46e-01,9.43e-01,No,-0.022 (0.017),1.80e-01,9.17e-01,No,159,0.209 (0.047) *,1.14e-05,7.76e-04,Yes,-0.015 (0.007),3.19e-02,3.45e-01,No,742,0.123 (0.056),2.85e-02,2.08e-01,No,-0.008 (0.007),2.90e-01,7.75e-01,No,585
surface_area,CTQ_Abuse,male,R_temporalpole_surfavg,-0.065 (0.105),5.34e-01,8.88e-01,No,0.014 (0.017),4.05e-01,9.17e-01,No,159,0.167 (0.048) *,4.53e-04,6.91e-03,Yes,-0.014 (0.007),3.56e-02,3.45e-01,No,742,0.245 (0.055) *,1.06e-05,7.21e-04,Yes,-0.013 (0.007),8.00e-02,7.75e-01,No,585
surface_area,CTQ_Abuse,male,R_transversetemporal_surfavg,-0.036 (0.105),7.32e-01,9.39e-01,No,0.001 (0.017),9.55e-01,9.59e-01,No,159,-0.066 (0.048),1.66e-01,4.84e-01,No,0.008 (0.007),2.47e-01,6.47e-01,No,742,-0.008 (0.056),8.88e-01,9.30e-01,No,-0.004 (0.007),6.04e-01,8.56e-01,No,585
surface_area,CTQ_Abuse,male,R_insula_surfavg,-0.127 (0.105),2.28e-01,8.88e-01,No,0.023 (0.017),1.76e-01,9.17e-01,No,159,-0.064 (0.048),1.85e-01,4.84e-01,No,0.008 (0.007),2.39e-01,6.47e-01,No,742,-0.086 (0.056),1.25e-01,3.74e-01,No,0.006 (0.007),4.17e-01,7.75e-01,No,585
