t_names,CTQ_Term,Sex,Region,Effect_Size_Ped,p_value_Ped,q_value_Ped,Significant_Ped,Sample_Size_Ped,Effect_Size_YA,p_value_YA,q_value_YA,Significant_YA,Sample_Size_YA,Effect_Size_OA,p_value_OA,q_value_OA,Significant_OA,Sample_Size_OA
cortical_thickness,CTQ_SA,female,L_bankssts_thickavg,0.104 (0.073),1.55e-01,9.84e-01,No,189,0.032 (0.029),2.69e-01,5.23e-01,No,1163,0.03 (0.034),3.75e-01,5.42e-01,No,864
cortical_thickness,CTQ_SA,female,L_caudalanteriorcingulate_thickavg,0.012 (0.073),8.72e-01,9.84e-01,No,189,-0.153 (0.029) *,1.54e-07,1.05e-05,Yes,1163,-0.126 (0.034) *,2.13e-04,4.84e-03,Yes,864
cortical_thickness,CTQ_SA,female,L_caudalmiddlefrontal_thickavg,0.167 (0.072),2.15e-02,9.84e-01,No,189,0.017 (0.029),5.72e-01,8.98e-01,No,1163,-0.035 (0.034),3.05e-01,4.94e-01,No,864
cortical_thickness,CTQ_SA,female,L_cuneus_thickavg,0.055 (0.073),4.51e-01,9.84e-01,No,189,0.015 (0.029),6.09e-01,8.98e-01,No,1163,-0.059 (0.034),8.19e-02,1.99e-01,No,864
cortical_thickness,CTQ_SA,female,L_entorhil_thickavg,0.105 (0.073),1.51e-01,9.84e-01,No,189,-0.057 (0.029),5.20e-02,2.08e-01,No,1163,0.004 (0.034),9.02e-01,9.29e-01,No,864
cortical_thickness,CTQ_SA,female,L_fusiform_thickavg,0.063 (0.073),3.86e-01,9.84e-01,No,189,0.008 (0.029),7.97e-01,9.56e-01,No,1163,0.065 (0.034),5.73e-02,1.50e-01,No,864
cortical_thickness,CTQ_SA,female,L_inferiorparietal_thickavg,-0.029 (0.073),6.89e-01,9.84e-01,No,189,-0.082 (0.029) *,5.15e-03,3.89e-02,Yes,1163,-0.07 (0.034),3.83e-02,1.17e-01,No,864
cortical_thickness,CTQ_SA,female,L_inferiortemporal_thickavg,-0.046 (0.073),5.34e-01,9.84e-01,No,189,0.006 (0.029),8.38e-01,9.56e-01,No,1163,0.115 (0.034) *,7.12e-04,9.68e-03,Yes,864
cortical_thickness,CTQ_SA,female,L_isthmuscingulate_thickavg,0.057 (0.073),4.39e-01,9.84e-01,No,189,-0.102 (0.029) *,4.65e-04,5.27e-03,Yes,1163,-0.145 (0.034) *,1.79e-05,6.07e-04,Yes,864
cortical_thickness,CTQ_SA,female,L_lateraloccipital_thickavg,-0.101 (0.073),1.68e-01,9.84e-01,No,189,-0.064 (0.029),2.81e-02,1.27e-01,No,1163,-0.113 (0.034) *,8.86e-04,1.00e-02,Yes,864
cortical_thickness,CTQ_SA,female,L_lateralorbitofrontal_thickavg,-0.013 (0.073),8.54e-01,9.84e-01,No,189,-0.015 (0.029),6.20e-01,8.98e-01,No,1163,0.003 (0.034),9.41e-01,9.41e-01,No,864
cortical_thickness,CTQ_SA,female,L_lingual_thickavg,-0.003 (0.073),9.70e-01,9.84e-01,No,189,0.003 (0.029),9.18e-01,9.70e-01,No,1163,-0.075 (0.034),2.69e-02,9.64e-02,No,864
cortical_thickness,CTQ_SA,female,L_medialorbitofrontal_thickavg,-0.031 (0.073),6.75e-01,9.84e-01,No,189,0.006 (0.029),8.29e-01,9.56e-01,No,1163,0.096 (0.034) *,4.96e-03,3.37e-02,Yes,864
cortical_thickness,CTQ_SA,female,L_middletemporal_thickavg,0.057 (0.073),4.35e-01,9.84e-01,No,189,-0.004 (0.029),8.86e-01,9.56e-01,No,1163,0.084 (0.034),1.31e-02,6.87e-02,No,864
cortical_thickness,CTQ_SA,female,L_parahippocampal_thickavg,0.063 (0.073),3.89e-01,9.84e-01,No,189,-0.048 (0.029),1.05e-01,2.75e-01,No,1163,-0.031 (0.034),3.61e-01,5.42e-01,No,864
cortical_thickness,CTQ_SA,female,L_paracentral_thickavg,0.064 (0.073),3.84e-01,9.84e-01,No,189,0.042 (0.029),1.48e-01,3.38e-01,No,1163,0.011 (0.034),7.47e-01,8.47e-01,No,864
cortical_thickness,CTQ_SA,female,L_parsopercularis_thickavg,0.049 (0.073),5.06e-01,9.84e-01,No,189,0.009 (0.029),7.47e-01,9.41e-01,No,1163,-0.005 (0.034),8.76e-01,9.16e-01,No,864
cortical_thickness,CTQ_SA,female,L_parsorbitalis_thickavg,-0.024 (0.073),7.44e-01,9.84e-01,No,189,-0.01 (0.029),7.35e-01,9.41e-01,No,1163,0.053 (0.034),1.21e-01,2.58e-01,No,864
cortical_thickness,CTQ_SA,female,L_parstriangularis_thickavg,-0.074 (0.073),3.14e-01,9.84e-01,No,189,0.024 (0.029),4.08e-01,7.30e-01,No,1163,0.03 (0.034),3.84e-01,5.42e-01,No,864
cortical_thickness,CTQ_SA,female,L_pericalcarine_thickavg,-0.015 (0.073),8.42e-01,9.84e-01,No,189,0.015 (0.029),6.08e-01,8.98e-01,No,1163,-0.067 (0.034),4.83e-02,1.37e-01,No,864
cortical_thickness,CTQ_SA,female,L_postcentral_thickavg,0.004 (0.073),9.58e-01,9.84e-01,No,189,-0.01 (0.029),7.46e-01,9.41e-01,No,1163,0.047 (0.034),1.65e-01,3.04e-01,No,864
cortical_thickness,CTQ_SA,female,L_posteriorcingulate_thickavg,-0.083 (0.073),2.57e-01,9.84e-01,No,189,-0.129 (0.029) *,1.06e-05,3.61e-04,Yes,1163,-0.177 (0.034) *,1.54e-07,1.05e-05,Yes,864
cortical_thickness,CTQ_SA,female,L_precentral_thickavg,-0.106 (0.073),1.45e-01,9.84e-01,No,189,0.001 (0.029),9.70e-01,9.84e-01,No,1163,-0.013 (0.034),7.11e-01,8.34e-01,No,864
cortical_thickness,CTQ_SA,female,L_precuneus_thickavg,0.021 (0.073),7.78e-01,9.84e-01,No,189,0.035 (0.029),2.27e-01,4.82e-01,No,1163,-0.081 (0.034),1.70e-02,7.22e-02,No,864
cortical_thickness,CTQ_SA,female,L_rostralanteriorcingulate_thickavg,0.08 (0.073),2.74e-01,9.84e-01,No,189,-0.097 (0.029) *,8.98e-04,8.73e-03,Yes,1163,-0.03 (0.034),3.85e-01,5.42e-01,No,864
cortical_thickness,CTQ_SA,female,L_rostralmiddlefrontal_thickavg,0.011 (0.073),8.76e-01,9.84e-01,No,189,0.027 (0.029),3.67e-01,6.74e-01,No,1163,-0.018 (0.034),5.90e-01,7.42e-01,No,864
cortical_thickness,CTQ_SA,female,L_superiorfrontal_thickavg,0.053 (0.073),4.66e-01,9.84e-01,No,189,0.043 (0.029),1.41e-01,3.38e-01,No,1163,-0.051 (0.034),1.30e-01,2.69e-01,No,864
cortical_thickness,CTQ_SA,female,L_superiorparietal_thickavg,-0.008 (0.073),9.11e-01,9.84e-01,No,189,0.053 (0.029),7.00e-02,2.24e-01,No,1163,-0.017 (0.034),6.26e-01,7.61e-01,No,864
cortical_thickness,CTQ_SA,female,L_superiortemporal_thickavg,0.054 (0.073),4.57e-01,9.84e-01,No,189,0.051 (0.029),8.24e-02,2.24e-01,No,1163,0.049 (0.034),1.52e-01,2.97e-01,No,864
cortical_thickness,CTQ_SA,female,L_supramargil_thickavg,0.005 (0.073),9.45e-01,9.84e-01,No,189,0.03 (0.029),3.11e-01,5.87e-01,No,1163,-0.066 (0.034),5.08e-02,1.38e-01,No,864
cortical_thickness,CTQ_SA,female,L_frontalpole_thickavg,0.067 (0.073),3.57e-01,9.84e-01,No,189,-0.003 (0.029),9.27e-01,9.70e-01,No,1163,-0.07 (0.034),3.97e-02,1.17e-01,No,864
cortical_thickness,CTQ_SA,female,L_temporalpole_thickavg,-0.059 (0.073),4.23e-01,9.84e-01,No,189,-0.014 (0.029),6.40e-01,9.06e-01,No,1163,0.036 (0.034),2.92e-01,4.94e-01,No,864
cortical_thickness,CTQ_SA,female,L_transversetemporal_thickavg,0.068 (0.073),3.53e-01,9.84e-01,No,189,0.052 (0.029),7.50e-02,2.24e-01,No,1163,0.012 (0.034),7.27e-01,8.38e-01,No,864
cortical_thickness,CTQ_SA,female,L_insula_thickavg,0.029 (0.073),6.91e-01,9.84e-01,No,189,-0.08 (0.029) *,6.04e-03,4.11e-02,Yes,1163,-0.008 (0.034),8.24e-01,8.90e-01,No,864
cortical_thickness,CTQ_SA,female,R_bankssts_thickavg,0.084 (0.073),2.52e-01,9.84e-01,No,189,-0.071 (0.029),1.60e-02,8.38e-02,No,1163,-0.033 (0.034),3.36e-01,5.32e-01,No,864
cortical_thickness,CTQ_SA,female,R_caudalanteriorcingulate_thickavg,0.026 (0.073),7.24e-01,9.84e-01,No,189,-0.126 (0.029) *,1.64e-05,3.71e-04,Yes,1163,-0.076 (0.034),2.52e-02,9.64e-02,No,864
cortical_thickness,CTQ_SA,female,R_caudalmiddlefrontal_thickavg,0.017 (0.073),8.21e-01,9.84e-01,No,189,-0.042 (0.029),1.49e-01,3.38e-01,No,1163,-0.109 (0.034) *,1.36e-03,1.31e-02,Yes,864
cortical_thickness,CTQ_SA,female,R_cuneus_thickavg,-0.003 (0.073),9.62e-01,9.84e-01,No,189,-0.002 (0.029),9.57e-01,9.84e-01,No,1163,-0.007 (0.034),8.40e-01,8.92e-01,No,864
cortical_thickness,CTQ_SA,female,R_entorhil_thickavg,-0.037 (0.073),6.18e-01,9.84e-01,No,189,-0.114 (0.029) *,9.18e-05,1.56e-03,Yes,1163,-0.054 (0.034),1.15e-01,2.52e-01,No,864
cortical_thickness,CTQ_SA,female,R_fusiform_thickavg,0.078 (0.073),2.89e-01,9.84e-01,No,189,0.047 (0.029),1.11e-01,2.80e-01,No,1163,0.063 (0.034),6.39e-02,1.61e-01,No,864
cortical_thickness,CTQ_SA,female,R_inferiorparietal_thickavg,0.011 (0.073),8.76e-01,9.84e-01,No,189,0.011 (0.029),6.96e-01,9.41e-01,No,1163,0.049 (0.034),1.53e-01,2.97e-01,No,864
cortical_thickness,CTQ_SA,female,R_inferiortemporal_thickavg,0.02 (0.073),7.84e-01,9.84e-01,No,189,-0.007 (0.029),8.23e-01,9.56e-01,No,1163,0.072 (0.034),3.37e-02,1.09e-01,No,864
cortical_thickness,CTQ_SA,female,R_isthmuscingulate_thickavg,-0.033 (0.073),6.48e-01,9.84e-01,No,189,-0.086 (0.029) *,3.45e-03,2.93e-02,Yes,1163,-0.108 (0.034) *,1.54e-03,1.31e-02,Yes,864
cortical_thickness,CTQ_SA,female,R_lateraloccipital_thickavg,-0.032 (0.073),6.58e-01,9.84e-01,No,189,-0.005 (0.029),8.75e-01,9.56e-01,No,1163,0.045 (0.034),1.83e-01,3.28e-01,No,864
cortical_thickness,CTQ_SA,female,R_lateralorbitofrontal_thickavg,-0.023 (0.073),7.58e-01,9.84e-01,No,189,-0.017 (0.029),5.53e-01,8.98e-01,No,1163,0.027 (0.034),4.29e-01,5.84e-01,No,864
cortical_thickness,CTQ_SA,female,R_lingual_thickavg,0.08 (0.073),2.71e-01,9.84e-01,No,189,0.004 (0.029),8.80e-01,9.56e-01,No,1163,-0.087 (0.034),1.04e-02,5.91e-02,No,864
cortical_thickness,CTQ_SA,female,R_medialorbitofrontal_thickavg,-0.045 (0.073),5.39e-01,9.84e-01,No,189,0.052 (0.029),7.60e-02,2.24e-01,No,1163,0.082 (0.034),1.65e-02,7.22e-02,No,864
cortical_thickness,CTQ_SA,female,R_middletemporal_thickavg,-0.091 (0.073),2.14e-01,9.84e-01,No,189,-0.103 (0.029) *,4.38e-04,5.27e-03,Yes,1163,-0.009 (0.034),7.86e-01,8.77e-01,No,864
cortical_thickness,CTQ_SA,female,R_parahippocampal_thickavg,0.112 (0.073),1.24e-01,9.84e-01,No,189,-0.051 (0.029),8.22e-02,2.24e-01,No,1163,-0.074 (0.034),2.88e-02,9.78e-02,No,864
cortical_thickness,CTQ_SA,female,R_paracentral_thickavg,-0.051 (0.073),4.86e-01,9.84e-01,No,189,0.033 (0.029),2.68e-01,5.23e-01,No,1163,-0.021 (0.034),5.29e-01,6.92e-01,No,864
cortical_thickness,CTQ_SA,female,R_parsopercularis_thickavg,0.017 (0.073),8.22e-01,9.84e-01,No,189,-0.013 (0.029),6.70e-01,9.30e-01,No,1163,-0.054 (0.034),1.10e-01,2.49e-01,No,864
cortical_thickness,CTQ_SA,female,R_parsorbitalis_thickavg,-0.072 (0.073),3.27e-01,9.84e-01,No,189,-0.023 (0.029),4.28e-01,7.47e-01,No,1163,0.003 (0.034),9.36e-01,9.41e-01,No,864
cortical_thickness,CTQ_SA,female,R_parstriangularis_thickavg,0.015 (0.073),8.35e-01,9.84e-01,No,189,-0.006 (0.029),8.35e-01,9.56e-01,No,1163,-0.008 (0.034),8.09e-01,8.87e-01,No,864
cortical_thickness,CTQ_SA,female,R_pericalcarine_thickavg,-0.018 (0.073),8.10e-01,9.84e-01,No,189,0.0 (0.029),9.96e-01,9.96e-01,No,1163,-0.083 (0.034),1.47e-02,7.13e-02,No,864
cortical_thickness,CTQ_SA,female,R_postcentral_thickavg,-0.089 (0.073),2.23e-01,9.84e-01,No,189,0.01 (0.029),7.45e-01,9.41e-01,No,1163,0.056 (0.034),1.00e-01,2.35e-01,No,864
cortical_thickness,CTQ_SA,female,R_posteriorcingulate_thickavg,0.001 (0.073),9.88e-01,9.88e-01,No,189,-0.066 (0.029),2.34e-02,1.14e-01,No,1163,-0.121 (0.034) *,3.81e-04,6.47e-03,Yes,864
cortical_thickness,CTQ_SA,female,R_precentral_thickavg,-0.046 (0.073),5.30e-01,9.84e-01,No,189,-0.018 (0.029),5.41e-01,8.98e-01,No,1163,-0.089 (0.034),9.06e-03,5.60e-02,No,864
cortical_thickness,CTQ_SA,female,R_precuneus_thickavg,0.029 (0.073),6.91e-01,9.84e-01,No,189,0.055 (0.029),6.25e-02,2.24e-01,No,1163,-0.035 (0.034),3.01e-01,4.94e-01,No,864
cortical_thickness,CTQ_SA,female,R_rostralanteriorcingulate_thickavg,-0.047 (0.073),5.22e-01,9.84e-01,No,189,-0.058 (0.029),4.81e-02,2.04e-01,No,1163,0.015 (0.034),6.54e-01,7.80e-01,No,864
cortical_thickness,CTQ_SA,female,R_rostralmiddlefrontal_thickavg,-0.026 (0.073),7.23e-01,9.84e-01,No,189,0.005 (0.029),8.62e-01,9.56e-01,No,1163,-0.029 (0.034),3.90e-01,5.42e-01,No,864
cortical_thickness,CTQ_SA,female,R_superiorfrontal_thickavg,0.083 (0.073),2.57e-01,9.84e-01,No,189,0.016 (0.029),5.92e-01,8.98e-01,No,1163,-0.075 (0.034),2.69e-02,9.64e-02,No,864
cortical_thickness,CTQ_SA,female,R_superiorparietal_thickavg,-0.003 (0.073),9.65e-01,9.84e-01,No,189,0.073 (0.029),1.33e-02,7.52e-02,No,1163,0.024 (0.034),4.89e-01,6.52e-01,No,864
cortical_thickness,CTQ_SA,female,R_superiortemporal_thickavg,0.004 (0.073),9.57e-01,9.84e-01,No,189,-0.04 (0.029),1.68e-01,3.68e-01,No,1163,-0.019 (0.034),5.73e-01,7.35e-01,No,864
cortical_thickness,CTQ_SA,female,R_supramargil_thickavg,-0.056 (0.073),4.44e-01,9.84e-01,No,189,-0.052 (0.029),7.73e-02,2.24e-01,No,1163,-0.032 (0.034),3.50e-01,5.41e-01,No,864
cortical_thickness,CTQ_SA,female,R_frontalpole_thickavg,0.039 (0.073),5.92e-01,9.84e-01,No,189,0.033 (0.029),2.65e-01,5.23e-01,No,1163,-0.048 (0.034),1.59e-01,3.00e-01,No,864
cortical_thickness,CTQ_SA,female,R_temporalpole_thickavg,0.049 (0.073),5.06e-01,9.84e-01,No,189,-0.055 (0.029),6.08e-02,2.24e-01,No,1163,0.018 (0.034),6.00e-01,7.42e-01,No,864
cortical_thickness,CTQ_SA,female,R_transversetemporal_thickavg,0.043 (0.073),5.53e-01,9.84e-01,No,189,0.075 (0.029),1.06e-02,6.57e-02,No,1163,0.097 (0.034) *,4.37e-03,3.30e-02,Yes,864
cortical_thickness,CTQ_SA,female,R_insula_thickavg,0.008 (0.073),9.11e-01,9.84e-01,No,189,-0.016 (0.029),5.97e-01,8.98e-01,No,1163,0.038 (0.034),2.64e-01,4.61e-01,No,864
cortical_thickness,CTQ_SA,male,L_bankssts_thickavg,-0.03 (0.08),7.07e-01,1.00e+00,No,158,-0.036 (0.037),3.24e-01,5.24e-01,No,741,-0.018 (0.041),6.69e-01,9.06e-01,No,584
cortical_thickness,CTQ_SA,male,L_caudalanteriorcingulate_thickavg,0.189 (0.079),1.75e-02,5.04e-01,No,158,-0.09 (0.037),1.40e-02,1.14e-01,No,741,-0.055 (0.041),1.86e-01,6.91e-01,No,584
cortical_thickness,CTQ_SA,male,L_caudalmiddlefrontal_thickavg,0.077 (0.08),3.37e-01,1.00e+00,No,158,-0.016 (0.037),6.59e-01,7.72e-01,No,741,0.006 (0.041),8.93e-01,9.38e-01,No,584
cortical_thickness,CTQ_SA,male,L_cuneus_thickavg,-0.083 (0.08),2.99e-01,1.00e+00,No,158,0.044 (0.037),2.33e-01,4.95e-01,No,741,0.019 (0.041),6.47e-01,9.06e-01,No,584
cortical_thickness,CTQ_SA,male,L_entorhil_thickavg,0.004 (0.08),9.63e-01,1.00e+00,No,158,-0.032 (0.037),3.81e-01,5.64e-01,No,741,0.012 (0.041),7.80e-01,9.06e-01,No,584
cortical_thickness,CTQ_SA,male,L_fusiform_thickavg,0.0 (0.08),1.00e+00,1.00e+00,No,158,0.05 (0.037),1.77e-01,4.00e-01,No,741,0.051 (0.041),2.18e-01,6.91e-01,No,584
cortical_thickness,CTQ_SA,male,L_inferiorparietal_thickavg,0.034 (0.08),6.72e-01,1.00e+00,No,158,0.028 (0.037),4.49e-01,6.12e-01,No,741,-0.053 (0.041),2.00e-01,6.91e-01,No,584
cortical_thickness,CTQ_SA,male,L_inferiortemporal_thickavg,-0.02 (0.08),8.03e-01,1.00e+00,No,158,-0.008 (0.037),8.28e-01,8.80e-01,No,741,0.043 (0.041),3.01e-01,6.91e-01,No,584
cortical_thickness,CTQ_SA,male,L_isthmuscingulate_thickavg,0.018 (0.08),8.20e-01,1.00e+00,No,158,-0.086 (0.037),1.90e-02,1.14e-01,No,741,-0.031 (0.041),4.57e-01,7.98e-01,No,584
cortical_thickness,CTQ_SA,male,L_lateraloccipital_thickavg,0.018 (0.08),8.19e-01,1.00e+00,No,158,-0.082 (0.037),2.56e-02,1.28e-01,No,741,-0.052 (0.041),2.12e-01,6.91e-01,No,584
cortical_thickness,CTQ_SA,male,L_lateralorbitofrontal_thickavg,-0.02 (0.08),7.99e-01,1.00e+00,No,158,0.087 (0.037),1.75e-02,1.14e-01,No,741,-0.011 (0.041),7.86e-01,9.06e-01,No,584
cortical_thickness,CTQ_SA,male,L_lingual_thickavg,-0.1 (0.08),2.13e-01,1.00e+00,No,158,0.063 (0.037),8.71e-02,2.65e-01,No,741,-0.046 (0.041),2.68e-01,6.91e-01,No,584
cortical_thickness,CTQ_SA,male,L_medialorbitofrontal_thickavg,0.016 (0.08),8.38e-01,1.00e+00,No,158,0.087 (0.037),1.85e-02,1.14e-01,No,741,0.056 (0.041),1.74e-01,6.91e-01,No,584
cortical_thickness,CTQ_SA,male,L_middletemporal_thickavg,0.032 (0.08),6.87e-01,1.00e+00,No,158,-0.023 (0.037),5.30e-01,6.43e-01,No,741,0.004 (0.041),9.22e-01,9.38e-01,No,584
cortical_thickness,CTQ_SA,male,L_parahippocampal_thickavg,-0.121 (0.079),1.30e-01,8.39e-01,No,158,0.053 (0.037),1.48e-01,3.47e-01,No,741,-0.042 (0.041),3.11e-01,6.91e-01,No,584
cortical_thickness,CTQ_SA,male,L_paracentral_thickavg,0.056 (0.08),4.83e-01,1.00e+00,No,158,0.086 (0.037),1.98e-02,1.14e-01,No,741,0.069 (0.041),9.62e-02,5.95e-01,No,584
cortical_thickness,CTQ_SA,male,L_parsopercularis_thickavg,-0.014 (0.08),8.61e-01,1.00e+00,No,158,-0.063 (0.037),8.87e-02,2.65e-01,No,741,0.016 (0.041),7.07e-01,9.06e-01,No,584
cortical_thickness,CTQ_SA,male,L_parsorbitalis_thickavg,0.119 (0.079),1.36e-01,8.39e-01,No,158,0.004 (0.037),9.05e-01,9.19e-01,No,741,-0.041 (0.041),3.21e-01,6.91e-01,No,584
cortical_thickness,CTQ_SA,male,L_parstriangularis_thickavg,0.056 (0.08),4.86e-01,1.00e+00,No,158,-0.036 (0.037),3.27e-01,5.24e-01,No,741,0.054 (0.041),1.94e-01,6.91e-01,No,584
cortical_thickness,CTQ_SA,male,L_pericalcarine_thickavg,-0.068 (0.08),3.93e-01,1.00e+00,No,158,0.033 (0.037),3.65e-01,5.52e-01,No,741,0.082 (0.041),4.73e-02,4.02e-01,No,584
cortical_thickness,CTQ_SA,male,L_postcentral_thickavg,-0.042 (0.08),6.03e-01,1.00e+00,No,158,0.021 (0.037),5.60e-01,6.68e-01,No,741,0.012 (0.041),7.71e-01,9.06e-01,No,584
cortical_thickness,CTQ_SA,male,L_posteriorcingulate_thickavg,-0.013 (0.08),8.70e-01,1.00e+00,No,158,-0.062 (0.037),9.34e-02,2.65e-01,No,741,-0.023 (0.041),5.78e-01,9.06e-01,No,584
cortical_thickness,CTQ_SA,male,L_precentral_thickavg,0.109 (0.08),1.73e-01,9.07e-01,No,158,0.005 (0.037),8.91e-01,9.18e-01,No,741,0.015 (0.041),7.13e-01,9.06e-01,No,584
cortical_thickness,CTQ_SA,male,L_precuneus_thickavg,0.147 (0.079),6.61e-02,7.74e-01,No,158,0.039 (0.037),2.89e-01,5.24e-01,No,741,-0.02 (0.041),6.38e-01,9.06e-01,No,584
cortical_thickness,CTQ_SA,male,L_rostralanteriorcingulate_thickavg,0.065 (0.08),4.20e-01,1.00e+00,No,158,-0.056 (0.037),1.25e-01,3.26e-01,No,741,-0.049 (0.041),2.39e-01,6.91e-01,No,584
cortical_thickness,CTQ_SA,male,L_rostralmiddlefrontal_thickavg,0.058 (0.08),4.72e-01,1.00e+00,No,158,0.011 (0.037),7.56e-01,8.56e-01,No,741,0.015 (0.041),7.10e-01,9.06e-01,No,584
cortical_thickness,CTQ_SA,male,L_superiorfrontal_thickavg,-0.016 (0.08),8.46e-01,1.00e+00,No,158,-0.024 (0.037),5.14e-01,6.36e-01,No,741,-0.01 (0.041),8.19e-01,9.13e-01,No,584
cortical_thickness,CTQ_SA,male,L_superiorparietal_thickavg,-0.043 (0.08),5.90e-01,1.00e+00,No,158,0.026 (0.037),4.80e-01,6.27e-01,No,741,0.128 (0.041),1.99e-03,6.78e-02,No,584
cortical_thickness,CTQ_SA,male,L_superiortemporal_thickavg,0.145 (0.079),6.83e-02,7.74e-01,No,158,-0.026 (0.037),4.71e-01,6.27e-01,No,741,-0.043 (0.041),2.97e-01,6.91e-01,No,584
cortical_thickness,CTQ_SA,male,L_supramargil_thickavg,0.084 (0.08),2.95e-01,1.00e+00,No,158,-0.025 (0.037),4.89e-01,6.27e-01,No,741,-0.047 (0.041),2.60e-01,6.91e-01,No,584
cortical_thickness,CTQ_SA,male,L_frontalpole_thickavg,0.001 (0.08),9.86e-01,1.00e+00,No,158,-0.036 (0.037),3.28e-01,5.24e-01,No,741,-0.044 (0.041),2.85e-01,6.91e-01,No,584
cortical_thickness,CTQ_SA,male,L_temporalpole_thickavg,-0.008 (0.08),9.23e-01,1.00e+00,No,158,0.01 (0.037),7.80e-01,8.56e-01,No,741,-0.005 (0.041),8.98e-01,9.38e-01,No,584
cortical_thickness,CTQ_SA,male,L_transversetemporal_thickavg,-0.009 (0.08),9.06e-01,1.00e+00,No,158,0.063 (0.037),8.67e-02,2.65e-01,No,741,0.076 (0.041),6.60e-02,4.98e-01,No,584
cortical_thickness,CTQ_SA,male,L_insula_thickavg,0.13 (0.079),1.04e-01,7.88e-01,No,158,-0.043 (0.037),2.40e-01,4.95e-01,No,741,-0.061 (0.041),1.42e-01,6.91e-01,No,584
cortical_thickness,CTQ_SA,male,R_bankssts_thickavg,-0.004 (0.08),9.58e-01,1.00e+00,No,158,-0.113 (0.037) *,1.98e-03,4.49e-02,Yes,741,-0.141 (0.041) *,6.42e-04,4.37e-02,Yes,584
cortical_thickness,CTQ_SA,male,R_caudalanteriorcingulate_thickavg,0.052 (0.08),5.16e-01,1.00e+00,No,158,-0.036 (0.037),3.31e-01,5.24e-01,No,741,-0.042 (0.041),3.15e-01,6.91e-01,No,584
cortical_thickness,CTQ_SA,male,R_caudalmiddlefrontal_thickavg,-0.028 (0.08),7.28e-01,1.00e+00,No,158,-0.038 (0.037),3.06e-01,5.24e-01,No,741,-0.05 (0.041),2.28e-01,6.91e-01,No,584
cortical_thickness,CTQ_SA,male,R_cuneus_thickavg,-0.097 (0.08),2.25e-01,1.00e+00,No,158,-0.0 (0.037),9.99e-01,9.99e-01,No,741,0.031 (0.041),4.58e-01,7.98e-01,No,584
cortical_thickness,CTQ_SA,male,R_entorhil_thickavg,-0.015 (0.08),8.55e-01,1.00e+00,No,158,-0.096 (0.037),8.74e-03,1.14e-01,No,741,-0.022 (0.041),5.97e-01,9.06e-01,No,584
cortical_thickness,CTQ_SA,male,R_fusiform_thickavg,-0.013 (0.08),8.73e-01,1.00e+00,No,158,0.034 (0.037),3.58e-01,5.52e-01,No,741,0.055 (0.041),1.81e-01,6.91e-01,No,584
cortical_thickness,CTQ_SA,male,R_inferiorparietal_thickavg,0.188 (0.079),1.80e-02,5.04e-01,No,158,-0.062 (0.037),9.01e-02,2.65e-01,No,741,-0.116 (0.041),4.94e-03,8.49e-02,No,584
cortical_thickness,CTQ_SA,male,R_inferiortemporal_thickavg,-0.04 (0.08),6.20e-01,1.00e+00,No,158,-0.009 (0.037),7.96e-01,8.60e-01,No,741,0.037 (0.041),3.74e-01,7.58e-01,No,584
cortical_thickness,CTQ_SA,male,R_isthmuscingulate_thickavg,0.005 (0.08),9.47e-01,1.00e+00,No,158,-0.089 (0.037),1.59e-02,1.14e-01,No,741,-0.019 (0.041),6.45e-01,9.06e-01,No,584
cortical_thickness,CTQ_SA,male,R_lateraloccipital_thickavg,-0.029 (0.08),7.22e-01,1.00e+00,No,158,0.01 (0.037),7.75e-01,8.56e-01,No,741,-0.024 (0.041),5.64e-01,9.06e-01,No,584
cortical_thickness,CTQ_SA,male,R_lateralorbitofrontal_thickavg,0.054 (0.08),4.99e-01,1.00e+00,No,158,0.103 (0.037),4.93e-03,8.39e-02,No,741,-0.011 (0.041),7.83e-01,9.06e-01,No,584
cortical_thickness,CTQ_SA,male,R_lingual_thickavg,-0.054 (0.08),4.98e-01,1.00e+00,No,158,0.042 (0.037),2.52e-01,5.03e-01,No,741,-0.036 (0.041),3.90e-01,7.58e-01,No,584
cortical_thickness,CTQ_SA,male,R_medialorbitofrontal_thickavg,0.008 (0.08),9.23e-01,1.00e+00,No,158,0.126 (0.036) *,5.83e-04,2.38e-02,Yes,741,0.09 (0.041),3.01e-02,2.92e-01,No,584
cortical_thickness,CTQ_SA,male,R_middletemporal_thickavg,0.007 (0.08),9.26e-01,1.00e+00,No,158,-0.124 (0.037) *,7.00e-04,2.38e-02,Yes,741,-0.096 (0.041),2.07e-02,2.82e-01,No,584
cortical_thickness,CTQ_SA,male,R_parahippocampal_thickavg,-0.131 (0.079),1.02e-01,7.88e-01,No,158,0.028 (0.037),4.50e-01,6.12e-01,No,741,-0.062 (0.041),1.36e-01,6.91e-01,No,584
cortical_thickness,CTQ_SA,male,R_paracentral_thickavg,-0.055 (0.08),4.89e-01,1.00e+00,No,158,0.041 (0.037),2.63e-01,5.11e-01,No,741,0.008 (0.041),8.41e-01,9.23e-01,No,584
cortical_thickness,CTQ_SA,male,R_parsopercularis_thickavg,0.048 (0.08),5.51e-01,1.00e+00,No,158,-0.049 (0.037),1.83e-01,4.01e-01,No,741,-0.004 (0.041),9.24e-01,9.38e-01,No,584
cortical_thickness,CTQ_SA,male,R_parsorbitalis_thickavg,-0.017 (0.08),8.33e-01,1.00e+00,No,158,0.07 (0.037),5.61e-02,2.01e-01,No,741,-0.014 (0.041),7.32e-01,9.06e-01,No,584
cortical_thickness,CTQ_SA,male,R_parstriangularis_thickavg,-0.009 (0.08),9.11e-01,1.00e+00,No,158,0.005 (0.037),8.88e-01,9.18e-01,No,741,0.074 (0.041),7.51e-02,5.11e-01,No,584
cortical_thickness,CTQ_SA,male,R_pericalcarine_thickavg,-0.182 (0.079),2.22e-02,5.04e-01,No,158,-0.028 (0.037),4.48e-01,6.12e-01,No,741,0.017 (0.041),6.80e-01,9.06e-01,No,584
cortical_thickness,CTQ_SA,male,R_postcentral_thickavg,-0.133 (0.079),9.63e-02,7.88e-01,No,158,0.012 (0.037),7.36e-01,8.49e-01,No,741,0.036 (0.041),3.91e-01,7.58e-01,No,584
cortical_thickness,CTQ_SA,male,R_posteriorcingulate_thickavg,0.072 (0.08),3.68e-01,1.00e+00,No,158,-0.057 (0.037),1.22e-01,3.26e-01,No,741,-0.034 (0.041),4.12e-01,7.58e-01,No,584
cortical_thickness,CTQ_SA,male,R_precentral_thickavg,0.003 (0.08),9.75e-01,1.00e+00,No,158,-0.054 (0.037),1.40e-01,3.39e-01,No,741,0.01 (0.041),8.17e-01,9.13e-01,No,584
cortical_thickness,CTQ_SA,male,R_precuneus_thickavg,0.111 (0.08),1.65e-01,9.07e-01,No,158,0.074 (0.037),4.33e-02,1.84e-01,No,741,0.034 (0.041),4.10e-01,7.58e-01,No,584
cortical_thickness,CTQ_SA,male,R_rostralanteriorcingulate_thickavg,0.051 (0.08),5.26e-01,1.00e+00,No,158,-0.029 (0.037),4.35e-01,6.12e-01,No,741,-0.012 (0.041),7.67e-01,9.06e-01,No,584
cortical_thickness,CTQ_SA,male,R_rostralmiddlefrontal_thickavg,-0.158 (0.079),4.77e-02,7.74e-01,No,158,0.072 (0.037),4.90e-02,1.95e-01,No,741,0.021 (0.041),6.12e-01,9.06e-01,No,584
cortical_thickness,CTQ_SA,male,R_superiorfrontal_thickavg,0.039 (0.08),6.29e-01,1.00e+00,No,158,0.024 (0.037),5.10e-01,6.36e-01,No,741,-0.005 (0.041),9.12e-01,9.38e-01,No,584
cortical_thickness,CTQ_SA,male,R_superiorparietal_thickavg,0.081 (0.08),3.09e-01,1.00e+00,No,158,0.037 (0.037),3.10e-01,5.24e-01,No,741,0.116 (0.041),5.00e-03,8.49e-02,No,584
cortical_thickness,CTQ_SA,male,R_superiortemporal_thickavg,-0.006 (0.08),9.40e-01,1.00e+00,No,158,-0.072 (0.037),5.16e-02,1.95e-01,No,741,-0.092 (0.041),2.60e-02,2.92e-01,No,584
cortical_thickness,CTQ_SA,male,R_supramargil_thickavg,0.032 (0.08),6.90e-01,1.00e+00,No,158,-0.082 (0.037),2.64e-02,1.28e-01,No,741,-0.028 (0.041),4.92e-01,8.36e-01,No,584
cortical_thickness,CTQ_SA,male,R_frontalpole_thickavg,-0.02 (0.08),8.01e-01,1.00e+00,No,158,0.054 (0.037),1.40e-01,3.39e-01,No,741,-0.0 (0.041),9.98e-01,9.98e-01,No,584
cortical_thickness,CTQ_SA,male,R_temporalpole_thickavg,0.053 (0.08),5.07e-01,1.00e+00,No,158,-0.04 (0.037),2.82e-01,5.24e-01,No,741,0.022 (0.041),5.92e-01,9.06e-01,No,584
cortical_thickness,CTQ_SA,male,R_transversetemporal_thickavg,0.045 (0.08),5.77e-01,1.00e+00,No,158,0.085 (0.037),2.01e-02,1.14e-01,No,741,0.047 (0.041),2.53e-01,6.91e-01,No,584
cortical_thickness,CTQ_SA,male,R_insula_thickavg,0.077 (0.08),3.38e-01,1.00e+00,No,158,-0.074 (0.037),4.28e-02,1.84e-01,No,741,-0.041 (0.041),3.25e-01,6.91e-01,No,584
subcortical_volume,CTQ_SA,female,Lthal,0.007 (0.073),9.29e-01,9.64e-01,No,189,-0.04 (0.029),1.71e-01,2.18e-01,No,1164,0.045 (0.034),1.90e-01,3.79e-01,No,867
subcortical_volume,CTQ_SA,female,Rthal,0.016 (0.073),8.30e-01,9.64e-01,No,189,0.109 (0.029) *,1.85e-04,6.47e-04,Yes,1164,0.155 (0.034) *,4.22e-06,2.96e-05,Yes,867
subcortical_volume,CTQ_SA,female,Lcaud,-0.128 (0.073),7.85e-02,9.64e-01,No,189,-0.066 (0.029) *,2.35e-02,4.11e-02,Yes,1164,-0.048 (0.034),1.55e-01,3.63e-01,No,867
subcortical_volume,CTQ_SA,female,Rcaud,-0.097 (0.073),1.85e-01,9.64e-01,No,189,-0.047 (0.029),1.09e-01,1.70e-01,No,1164,-0.008 (0.034),8.22e-01,8.36e-01,No,867
subcortical_volume,CTQ_SA,female,Lput,0.068 (0.073),3.55e-01,9.64e-01,No,189,-0.101 (0.029) *,5.83e-04,1.63e-03,Yes,1164,-0.144 (0.034) *,2.11e-05,7.38e-05,Yes,867
subcortical_volume,CTQ_SA,female,Rput,0.009 (0.073),8.99e-01,9.64e-01,No,189,-0.071 (0.029) *,1.47e-02,2.94e-02,Yes,1164,-0.012 (0.034),7.27e-01,8.36e-01,No,867
subcortical_volume,CTQ_SA,female,Lpal,-0.011 (0.073),8.86e-01,9.64e-01,No,189,0.161 (0.029) *,3.51e-08,2.46e-07,Yes,1164,0.185 (0.033) *,4.06e-08,5.68e-07,Yes,867
subcortical_volume,CTQ_SA,female,Rpal,-0.013 (0.073),8.60e-01,9.64e-01,No,189,0.166 (0.029) *,1.33e-08,1.87e-07,Yes,1164,0.149 (0.034) *,1.07e-05,4.97e-05,Yes,867
subcortical_volume,CTQ_SA,female,Lhippo,0.029 (0.073),6.95e-01,9.64e-01,No,189,-0.077 (0.029) *,8.26e-03,1.93e-02,Yes,1164,-0.011 (0.034),7.50e-01,8.36e-01,No,867
subcortical_volume,CTQ_SA,female,Rhippo,-0.007 (0.073),9.20e-01,9.64e-01,No,189,-0.111 (0.029) *,1.49e-04,6.47e-04,Yes,1164,-0.036 (0.034),2.87e-01,4.47e-01,No,867
subcortical_volume,CTQ_SA,female,Lamyg,-0.003 (0.073),9.64e-01,9.64e-01,No,189,0.043 (0.029),1.42e-01,1.99e-01,No,1164,0.041 (0.034),2.23e-01,3.89e-01,No,867
subcortical_volume,CTQ_SA,female,Ramyg,0.064 (0.073),3.82e-01,9.64e-01,No,189,0.033 (0.029),2.64e-01,3.08e-01,No,1164,0.026 (0.034),4.45e-01,6.23e-01,No,867
subcortical_volume,CTQ_SA,female,Laccumb,0.044 (0.073),5.50e-01,9.64e-01,No,189,-0.018 (0.029),5.50e-01,5.92e-01,No,1164,0.007 (0.034),8.36e-01,8.36e-01,No,867
subcortical_volume,CTQ_SA,female,Raccumb,0.057 (0.073),4.35e-01,9.64e-01,No,189,-0.003 (0.029),9.28e-01,9.28e-01,No,1164,0.069 (0.034),4.35e-02,1.22e-01,No,867
subcortical_volume,CTQ_SA,male,Lthal,-0.027 (0.08),7.39e-01,8.35e-01,No,159,0.068 (0.037),6.49e-02,2.27e-01,No,743,-0.004 (0.041),9.20e-01,9.20e-01,No,586
subcortical_volume,CTQ_SA,male,Rthal,-0.056 (0.08),4.82e-01,8.35e-01,No,159,0.059 (0.037),1.10e-01,3.08e-01,No,743,0.016 (0.041),7.08e-01,9.01e-01,No,586
subcortical_volume,CTQ_SA,male,Lcaud,0.064 (0.08),4.20e-01,8.35e-01,No,159,0.012 (0.037),7.43e-01,8.67e-01,No,743,-0.032 (0.041),4.44e-01,6.21e-01,No,586
subcortical_volume,CTQ_SA,male,Rcaud,0.064 (0.08),4.25e-01,8.35e-01,No,159,0.008 (0.037),8.23e-01,8.86e-01,No,743,-0.046 (0.041),2.70e-01,4.20e-01,No,586
subcortical_volume,CTQ_SA,male,Lput,-0.054 (0.08),4.98e-01,8.35e-01,No,159,-0.039 (0.037),2.89e-01,6.75e-01,No,743,-0.11 (0.041),7.89e-03,8.52e-02,No,586
subcortical_volume,CTQ_SA,male,Rput,-0.015 (0.08),8.49e-01,8.49e-01,No,159,-0.012 (0.037),7.36e-01,8.67e-01,No,743,-0.088 (0.041),3.25e-02,8.52e-02,No,586
subcortical_volume,CTQ_SA,male,Lpal,-0.036 (0.08),6.48e-01,8.35e-01,No,159,0.078 (0.037),3.46e-02,2.27e-01,No,743,0.1 (0.041),1.60e-02,8.52e-02,No,586
subcortical_volume,CTQ_SA,male,Rpal,-0.023 (0.08),7.75e-01,8.35e-01,No,159,0.084 (0.037),2.13e-02,2.27e-01,No,743,0.086 (0.041),3.65e-02,8.52e-02,No,586
subcortical_volume,CTQ_SA,male,Lhippo,0.042 (0.08),5.98e-01,8.35e-01,No,159,-0.016 (0.037),6.62e-01,8.67e-01,No,743,-0.089 (0.041),3.12e-02,8.52e-02,No,586
subcortical_volume,CTQ_SA,male,Rhippo,0.032 (0.08),6.93e-01,8.35e-01,No,159,-0.032 (0.037),3.77e-01,7.53e-01,No,743,-0.091 (0.041),2.78e-02,8.52e-02,No,586
subcortical_volume,CTQ_SA,male,Lamyg,-0.054 (0.08),5.02e-01,8.35e-01,No,159,-0.07 (0.037),5.55e-02,2.27e-01,No,743,-0.079 (0.041),5.71e-02,1.12e-01,No,586
subcortical_volume,CTQ_SA,male,Ramyg,-0.046 (0.08),5.65e-01,8.35e-01,No,159,-0.013 (0.037),7.17e-01,8.67e-01,No,743,-0.077 (0.041),6.41e-02,1.12e-01,No,586
subcortical_volume,CTQ_SA,male,Laccumb,0.048 (0.08),5.51e-01,8.35e-01,No,159,-0.023 (0.037),5.38e-01,8.67e-01,No,743,0.011 (0.041),7.99e-01,9.20e-01,No,586
subcortical_volume,CTQ_SA,male,Raccumb,0.026 (0.08),7.47e-01,8.35e-01,No,159,0.003 (0.037),9.35e-01,9.35e-01,No,743,0.005 (0.041),9.13e-01,9.20e-01,No,586
surface_area,CTQ_SA,female,L_bankssts_surfavg,0.095 (0.073),1.95e-01,7.26e-01,No,189,-0.087 (0.029) *,3.03e-03,1.29e-02,Yes,1163,0.001 (0.034),9.73e-01,9.94e-01,No,864
surface_area,CTQ_SA,female,L_caudalanteriorcingulate_surfavg,-0.006 (0.073),9.34e-01,9.62e-01,No,189,-0.052 (0.029),7.37e-02,1.35e-01,No,1163,-0.037 (0.034),2.72e-01,3.86e-01,No,864
surface_area,CTQ_SA,female,L_caudalmiddlefrontal_surfavg,0.015 (0.073),8.34e-01,9.62e-01,No,189,-0.059 (0.029),4.53e-02,9.93e-02,No,1163,-0.095 (0.034) *,5.20e-03,1.88e-02,Yes,864
surface_area,CTQ_SA,female,L_cuneus_surfavg,0.061 (0.073),4.01e-01,8.27e-01,No,189,-0.003 (0.029),9.15e-01,9.72e-01,No,1163,0.004 (0.034),9.03e-01,9.45e-01,No,864
surface_area,CTQ_SA,female,L_entorhil_surfavg,-0.07 (0.073),3.38e-01,7.50e-01,No,189,-0.024 (0.029),4.12e-01,5.28e-01,No,1163,0.102 (0.034) *,2.64e-03,1.49e-02,Yes,864
surface_area,CTQ_SA,female,L_fusiform_surfavg,0.104 (0.073),1.54e-01,7.26e-01,No,189,-0.084 (0.029) *,4.14e-03,1.65e-02,Yes,1163,-0.022 (0.034),5.15e-01,6.36e-01,No,864
surface_area,CTQ_SA,female,L_inferiorparietal_surfavg,-0.001 (0.073),9.95e-01,9.95e-01,No,189,-0.054 (0.029),6.59e-02,1.32e-01,No,1163,-0.034 (0.034),3.16e-01,4.30e-01,No,864
surface_area,CTQ_SA,female,L_inferiortemporal_surfavg,-0.106 (0.073),1.45e-01,7.26e-01,No,189,0.098 (0.029) *,7.96e-04,4.92e-03,Yes,1163,0.073 (0.034),3.08e-02,7.23e-02,No,864
surface_area,CTQ_SA,female,L_isthmuscingulate_surfavg,0.079 (0.073),2.78e-01,7.26e-01,No,189,-0.05 (0.029),8.63e-02,1.54e-01,No,1163,-0.011 (0.034),7.38e-01,8.36e-01,No,864
surface_area,CTQ_SA,female,L_lateraloccipital_surfavg,0.116 (0.073),1.12e-01,7.26e-01,No,189,0.068 (0.029),1.99e-02,5.42e-02,No,1163,0.089 (0.034) *,8.53e-03,2.66e-02,Yes,864
surface_area,CTQ_SA,female,L_lateralorbitofrontal_surfavg,-0.047 (0.073),5.17e-01,9.25e-01,No,189,-0.001 (0.029),9.81e-01,9.96e-01,No,1163,0.052 (0.034),1.26e-01,2.31e-01,No,864
surface_area,CTQ_SA,female,L_lingual_surfavg,-0.042 (0.073),5.68e-01,9.42e-01,No,189,-0.003 (0.029),9.30e-01,9.73e-01,No,1163,-0.024 (0.034),4.81e-01,6.17e-01,No,864
surface_area,CTQ_SA,female,L_medialorbitofrontal_surfavg,-0.051 (0.073),4.82e-01,8.86e-01,No,189,0.08 (0.029) *,6.12e-03,2.19e-02,Yes,1163,0.068 (0.034),4.45e-02,9.65e-02,No,864
surface_area,CTQ_SA,female,L_middletemporal_surfavg,0.03 (0.073),6.79e-01,9.44e-01,No,189,0.096 (0.029) *,1.03e-03,5.41e-03,Yes,1163,0.137 (0.034) *,5.49e-05,6.23e-04,Yes,864
surface_area,CTQ_SA,female,L_parahippocampal_surfavg,-0.199 (0.072),5.96e-03,4.05e-01,No,189,-0.109 (0.029) *,2.10e-04,1.78e-03,Yes,1163,-0.022 (0.034),5.25e-01,6.38e-01,No,864
surface_area,CTQ_SA,female,L_paracentral_surfavg,-0.013 (0.073),8.63e-01,9.62e-01,No,189,0.019 (0.029),5.26e-01,6.39e-01,No,1163,-0.089 (0.034) *,8.66e-03,2.66e-02,Yes,864
surface_area,CTQ_SA,female,L_parsopercularis_surfavg,-0.073 (0.073),3.17e-01,7.43e-01,No,189,-0.068 (0.029),1.97e-02,5.42e-02,No,1163,-0.085 (0.034) *,1.21e-02,3.29e-02,Yes,864
surface_area,CTQ_SA,female,L_parsorbitalis_surfavg,-0.014 (0.073),8.47e-01,9.62e-01,No,189,0.083 (0.029) *,4.81e-03,1.82e-02,Yes,1163,0.1 (0.034) *,3.29e-03,1.49e-02,Yes,864
surface_area,CTQ_SA,female,L_parstriangularis_surfavg,-0.034 (0.073),6.40e-01,9.44e-01,No,189,0.017 (0.029),5.63e-01,6.60e-01,No,1163,0.005 (0.034),8.74e-01,9.29e-01,No,864
surface_area,CTQ_SA,female,L_pericalcarine_surfavg,0.143 (0.072),4.94e-02,7.26e-01,No,189,0.023 (0.029),4.37e-01,5.50e-01,No,1163,-0.074 (0.034),3.07e-02,7.23e-02,No,864
surface_area,CTQ_SA,female,L_postcentral_surfavg,-0.02 (0.073),7.85e-01,9.62e-01,No,189,-0.015 (0.029),6.18e-01,7.12e-01,No,1163,-0.086 (0.034) *,1.16e-02,3.29e-02,Yes,864
surface_area,CTQ_SA,female,L_posteriorcingulate_surfavg,0.058 (0.073),4.31e-01,8.61e-01,No,189,-0.037 (0.029),2.02e-01,2.99e-01,No,1163,-0.001 (0.034),9.79e-01,9.94e-01,No,864
surface_area,CTQ_SA,female,L_precentral_surfavg,-0.016 (0.073),8.27e-01,9.62e-01,No,189,-0.058 (0.029),4.67e-02,9.93e-02,No,1163,-0.084 (0.034) *,1.32e-02,3.44e-02,Yes,864
surface_area,CTQ_SA,female,L_precuneus_surfavg,0.008 (0.073),9.13e-01,9.62e-01,No,189,-0.062 (0.029),3.53e-02,8.00e-02,No,1163,-0.052 (0.034),1.25e-01,2.31e-01,No,864
surface_area,CTQ_SA,female,L_rostralanteriorcingulate_surfavg,-0.011 (0.073),8.77e-01,9.62e-01,No,189,-0.065 (0.029),2.66e-02,6.70e-02,No,1163,-0.044 (0.034),1.93e-01,3.00e-01,No,864
surface_area,CTQ_SA,female,L_rostralmiddlefrontal_surfavg,-0.069 (0.073),3.42e-01,7.50e-01,No,189,-0.035 (0.029),2.33e-01,3.36e-01,No,1163,-0.045 (0.034),1.84e-01,3.00e-01,No,864
surface_area,CTQ_SA,female,L_superiorfrontal_surfavg,0.029 (0.073),6.94e-01,9.44e-01,No,189,0.029 (0.029),3.31e-01,4.61e-01,No,1163,0.043 (0.034),2.03e-01,3.07e-01,No,864
surface_area,CTQ_SA,female,L_superiorparietal_surfavg,0.038 (0.073),6.02e-01,9.44e-01,No,189,-0.025 (0.029),3.93e-01,5.18e-01,No,1163,-0.068 (0.034),4.54e-02,9.65e-02,No,864
surface_area,CTQ_SA,female,L_superiortemporal_surfavg,-0.082 (0.073),2.59e-01,7.26e-01,No,189,0.067 (0.029),2.17e-02,5.67e-02,No,1163,0.123 (0.034) *,2.85e-04,2.42e-03,Yes,864
surface_area,CTQ_SA,female,L_supramargil_surfavg,0.015 (0.073),8.36e-01,9.62e-01,No,189,-0.048 (0.029),1.04e-01,1.82e-01,No,1163,0.073 (0.034),3.31e-02,7.50e-02,No,864
surface_area,CTQ_SA,female,L_frontalpole_surfavg,-0.006 (0.073),9.30e-01,9.62e-01,No,189,0.174 (0.029) *,2.16e-09,1.47e-07,Yes,1163,0.216 (0.033) *,1.48e-10,5.05e-09,Yes,864
surface_area,CTQ_SA,female,L_temporalpole_surfavg,0.095 (0.073),1.93e-01,7.26e-01,No,189,0.072 (0.029) *,1.38e-02,4.08e-02,Yes,1163,0.162 (0.034) *,1.68e-06,3.80e-05,Yes,864
surface_area,CTQ_SA,female,L_transversetemporal_surfavg,-0.171 (0.072),1.90e-02,6.45e-01,No,189,-0.008 (0.029),7.98e-01,8.62e-01,No,1163,0.022 (0.034),5.13e-01,6.36e-01,No,864
surface_area,CTQ_SA,female,L_insula_surfavg,-0.036 (0.073),6.25e-01,9.44e-01,No,189,0.038 (0.029),1.96e-01,2.96e-01,No,1163,0.044 (0.034),1.94e-01,3.00e-01,No,864
surface_area,CTQ_SA,female,R_bankssts_surfavg,-0.082 (0.073),2.60e-01,7.26e-01,No,189,-0.072 (0.029) *,1.34e-02,4.08e-02,Yes,1163,-0.009 (0.034),8.02e-01,8.94e-01,No,864
surface_area,CTQ_SA,female,R_caudalanteriorcingulate_surfavg,-0.031 (0.073),6.76e-01,9.44e-01,No,189,-0.073 (0.029) *,1.23e-02,3.97e-02,Yes,1163,-0.007 (0.034),8.45e-01,9.12e-01,No,864
surface_area,CTQ_SA,female,R_caudalmiddlefrontal_surfavg,-0.054 (0.073),4.58e-01,8.75e-01,No,189,-0.017 (0.029),5.52e-01,6.58e-01,No,1163,-0.103 (0.034) *,2.44e-03,1.49e-02,Yes,864
surface_area,CTQ_SA,female,R_cuneus_surfavg,0.089 (0.073),2.22e-01,7.26e-01,No,189,0.064 (0.029),2.91e-02,7.07e-02,No,1163,0.017 (0.034),6.15e-01,7.33e-01,No,864
surface_area,CTQ_SA,female,R_entorhil_surfavg,-0.043 (0.073),5.56e-01,9.42e-01,No,189,0.123 (0.029) *,2.71e-05,3.07e-04,Yes,1163,0.094 (0.034) *,5.52e-03,1.88e-02,Yes,864
surface_area,CTQ_SA,female,R_fusiform_surfavg,-0.097 (0.073),1.86e-01,7.26e-01,No,189,-0.102 (0.029) *,5.23e-04,3.95e-03,Yes,1163,-0.046 (0.034),1.72e-01,2.93e-01,No,864
surface_area,CTQ_SA,female,R_inferiorparietal_surfavg,-0.064 (0.073),3.83e-01,8.14e-01,No,189,-0.053 (0.029),7.06e-02,1.33e-01,No,1163,-0.045 (0.034),1.88e-01,3.00e-01,No,864
surface_area,CTQ_SA,female,R_inferiortemporal_surfavg,-0.054 (0.073),4.63e-01,8.75e-01,No,189,0.093 (0.029) *,1.57e-03,7.59e-03,Yes,1163,0.089 (0.034) *,9.00e-03,2.66e-02,Yes,864
surface_area,CTQ_SA,female,R_isthmuscingulate_surfavg,0.097 (0.073),1.84e-01,7.26e-01,No,189,0.001 (0.029),9.69e-01,9.96e-01,No,1163,-0.05 (0.034),1.43e-01,2.50e-01,No,864
surface_area,CTQ_SA,female,R_lateraloccipital_surfavg,0.029 (0.073),6.94e-01,9.44e-01,No,189,0.133 (0.029) *,5.48e-06,7.45e-05,Yes,1163,0.121 (0.034) *,3.51e-04,2.65e-03,Yes,864
surface_area,CTQ_SA,female,R_lateralorbitofrontal_surfavg,-0.027 (0.073),7.12e-01,9.49e-01,No,189,0.012 (0.029),6.83e-01,7.62e-01,No,1163,-0.007 (0.034),8.26e-01,9.06e-01,No,864
surface_area,CTQ_SA,female,R_lingual_surfavg,0.103 (0.073),1.59e-01,7.26e-01,No,189,0.092 (0.029) *,1.67e-03,7.59e-03,Yes,1163,0.056 (0.034),1.03e-01,1.99e-01,No,864
surface_area,CTQ_SA,female,R_medialorbitofrontal_surfavg,0.081 (0.073),2.69e-01,7.26e-01,No,189,0.155 (0.029) *,1.09e-07,2.46e-06,Yes,1163,0.249 (0.033) *,1.21e-13,8.21e-12,Yes,864
surface_area,CTQ_SA,female,R_middletemporal_surfavg,0.08 (0.073),2.72e-01,7.26e-01,No,189,0.079 (0.029) *,7.31e-03,2.49e-02,Yes,1163,0.112 (0.034) *,1.00e-03,6.81e-03,Yes,864
surface_area,CTQ_SA,female,R_parahippocampal_surfavg,-0.123 (0.073),9.20e-02,7.26e-01,No,189,-0.063 (0.029),3.11e-02,7.28e-02,No,1163,-0.064 (0.034),6.01e-02,1.20e-01,No,864
surface_area,CTQ_SA,female,R_paracentral_surfavg,-0.096 (0.073),1.89e-01,7.26e-01,No,189,-0.014 (0.029),6.42e-01,7.28e-01,No,1163,-0.014 (0.034),6.71e-01,7.87e-01,No,864
surface_area,CTQ_SA,female,R_parsopercularis_surfavg,-0.118 (0.073),1.07e-01,7.26e-01,No,189,-0.055 (0.029),6.30e-02,1.30e-01,No,1163,-0.078 (0.034),2.11e-02,5.32e-02,No,864
surface_area,CTQ_SA,female,R_parsorbitalis_surfavg,0.004 (0.073),9.62e-01,9.76e-01,No,189,0.097 (0.029) *,9.06e-04,5.13e-03,Yes,1163,0.095 (0.034) *,5.39e-03,1.88e-02,Yes,864
surface_area,CTQ_SA,female,R_parstriangularis_surfavg,-0.075 (0.073),3.02e-01,7.43e-01,No,189,0.044 (0.029),1.30e-01,2.15e-01,No,1163,0.011 (0.034),7.36e-01,8.36e-01,No,864
surface_area,CTQ_SA,female,R_pericalcarine_surfavg,0.125 (0.073),8.55e-02,7.26e-01,No,189,0.027 (0.029),3.54e-01,4.82e-01,No,1163,-0.042 (0.034),2.13e-01,3.15e-01,No,864
surface_area,CTQ_SA,female,R_postcentral_surfavg,-0.008 (0.073),9.12e-01,9.62e-01,No,189,-0.041 (0.029),1.62e-01,2.57e-01,No,1163,-0.036 (0.034),2.89e-01,4.02e-01,No,864
surface_area,CTQ_SA,female,R_posteriorcingulate_surfavg,0.032 (0.073),6.62e-01,9.44e-01,No,189,-0.028 (0.029),3.32e-01,4.61e-01,No,1163,0.0 (0.034),9.98e-01,9.98e-01,No,864
surface_area,CTQ_SA,female,R_precentral_surfavg,0.009 (0.073),9.01e-01,9.62e-01,No,189,-0.025 (0.029),3.96e-01,5.18e-01,No,1163,-0.041 (0.034),2.34e-01,3.38e-01,No,864
surface_area,CTQ_SA,female,R_precuneus_surfavg,0.093 (0.073),2.05e-01,7.26e-01,No,189,-0.04 (0.029),1.77e-01,2.74e-01,No,1163,-0.097 (0.034) *,4.30e-03,1.72e-02,Yes,864
surface_area,CTQ_SA,female,R_rostralanteriorcingulate_surfavg,0.088 (0.073),2.27e-01,7.26e-01,No,189,-0.116 (0.029) *,7.05e-05,6.85e-04,Yes,1163,-0.1 (0.034) *,3.19e-03,1.49e-02,Yes,864
surface_area,CTQ_SA,female,R_rostralmiddlefrontal_surfavg,-0.122 (0.073),9.49e-02,7.26e-01,No,189,-0.053 (0.029),6.94e-02,1.33e-01,No,1163,-0.099 (0.034) *,3.67e-03,1.56e-02,Yes,864
surface_area,CTQ_SA,female,R_superiorfrontal_surfavg,-0.025 (0.073),7.35e-01,9.61e-01,No,189,0.0 (0.029),9.96e-01,9.96e-01,No,1163,0.03 (0.034),3.73e-01,4.98e-01,No,864
surface_area,CTQ_SA,female,R_superiorparietal_surfavg,0.036 (0.073),6.23e-01,9.44e-01,No,189,-0.042 (0.029),1.49e-01,2.41e-01,No,1163,-0.124 (0.034) *,2.58e-04,2.42e-03,Yes,864
surface_area,CTQ_SA,female,R_superiortemporal_surfavg,0.079 (0.073),2.77e-01,7.26e-01,No,189,0.019 (0.029),5.13e-01,6.34e-01,No,1163,0.066 (0.034),5.18e-02,1.07e-01,No,864
surface_area,CTQ_SA,female,R_supramargil_surfavg,0.074 (0.073),3.14e-01,7.43e-01,No,189,-0.099 (0.029) *,7.64e-04,4.92e-03,Yes,1163,-0.101 (0.034) *,2.90e-03,1.49e-02,Yes,864
surface_area,CTQ_SA,female,R_frontalpole_surfavg,-0.007 (0.073),9.23e-01,9.62e-01,No,189,0.136 (0.029) *,3.15e-06,5.36e-05,Yes,1163,0.153 (0.034) *,6.53e-06,1.11e-04,Yes,864
surface_area,CTQ_SA,female,R_temporalpole_surfavg,-0.019 (0.073),7.99e-01,9.62e-01,No,189,0.167 (0.029) *,1.09e-08,3.69e-07,Yes,1163,0.146 (0.034) *,1.66e-05,2.26e-04,Yes,864
surface_area,CTQ_SA,female,R_transversetemporal_surfavg,-0.08 (0.073),2.72e-01,7.26e-01,No,189,-0.046 (0.029),1.17e-01,1.99e-01,No,1163,-0.024 (0.034),4.80e-01,6.17e-01,No,864
surface_area,CTQ_SA,female,R_insula_surfavg,0.043 (0.073),5.59e-01,9.42e-01,No,189,0.007 (0.029),7.99e-01,8.62e-01,No,1163,-0.05 (0.034),1.43e-01,2.50e-01,No,864
surface_area,CTQ_SA,male,L_bankssts_surfavg,0.026 (0.08),7.50e-01,9.69e-01,No,158,-0.011 (0.037),7.67e-01,9.89e-01,No,741,-0.068 (0.041),1.00e-01,4.88e-01,No,584
surface_area,CTQ_SA,male,L_caudalanteriorcingulate_surfavg,0.039 (0.08),6.30e-01,9.69e-01,No,158,0.028 (0.037),4.43e-01,7.92e-01,No,741,-0.059 (0.041),1.51e-01,5.17e-01,No,584
surface_area,CTQ_SA,male,L_caudalmiddlefrontal_surfavg,-0.005 (0.08),9.54e-01,9.69e-01,No,158,0.003 (0.037),9.27e-01,9.89e-01,No,741,-0.017 (0.041),6.79e-01,9.35e-01,No,584
surface_area,CTQ_SA,male,L_cuneus_surfavg,0.17 (0.079),3.29e-02,4.47e-01,No,158,-0.001 (0.037),9.87e-01,9.89e-01,No,741,0.07 (0.041),9.10e-02,4.76e-01,No,584
surface_area,CTQ_SA,male,L_entorhil_surfavg,-0.152 (0.079),5.65e-02,5.49e-01,No,158,0.03 (0.037),4.14e-01,7.62e-01,No,741,0.014 (0.041),7.36e-01,9.35e-01,No,584
surface_area,CTQ_SA,male,L_fusiform_surfavg,-0.11 (0.08),1.70e-01,6.04e-01,No,158,-0.035 (0.037),3.38e-01,7.56e-01,No,741,0.013 (0.041),7.53e-01,9.35e-01,No,584
surface_area,CTQ_SA,male,L_inferiorparietal_surfavg,0.026 (0.08),7.49e-01,9.69e-01,No,158,-0.044 (0.037),2.32e-01,7.56e-01,No,741,-0.047 (0.041),2.62e-01,5.72e-01,No,584
surface_area,CTQ_SA,male,L_inferiortemporal_surfavg,-0.023 (0.08),7.74e-01,9.69e-01,No,158,-0.001 (0.037),9.70e-01,9.89e-01,No,741,-0.006 (0.041),8.82e-01,9.46e-01,No,584
surface_area,CTQ_SA,male,L_isthmuscingulate_surfavg,-0.007 (0.08),9.29e-01,9.69e-01,No,158,-0.034 (0.037),3.58e-01,7.56e-01,No,741,-0.07 (0.041),9.00e-02,4.76e-01,No,584
surface_area,CTQ_SA,male,L_lateraloccipital_surfavg,0.185 (0.079),2.00e-02,3.41e-01,No,158,0.039 (0.037),2.85e-01,7.56e-01,No,741,0.084 (0.041),4.15e-02,4.03e-01,No,584
surface_area,CTQ_SA,male,L_lateralorbitofrontal_surfavg,-0.032 (0.08),6.92e-01,9.69e-01,No,158,-0.036 (0.037),3.29e-01,7.56e-01,No,741,-0.004 (0.041),9.16e-01,9.58e-01,No,584
surface_area,CTQ_SA,male,L_lingual_surfavg,0.046 (0.08),5.64e-01,9.69e-01,No,158,-0.016 (0.037),6.74e-01,9.54e-01,No,741,0.105 (0.041),1.12e-02,1.60e-01,No,584
surface_area,CTQ_SA,male,L_medialorbitofrontal_surfavg,-0.01 (0.08),8.98e-01,9.69e-01,No,158,0.039 (0.037),2.91e-01,7.56e-01,No,741,0.056 (0.041),1.75e-01,5.17e-01,No,584
surface_area,CTQ_SA,male,L_middletemporal_surfavg,-0.006 (0.08),9.44e-01,9.69e-01,No,158,-0.036 (0.037),3.28e-01,7.56e-01,No,741,0.037 (0.041),3.77e-01,7.12e-01,No,584
surface_area,CTQ_SA,male,L_parahippocampal_surfavg,-0.043 (0.08),5.92e-01,9.69e-01,No,158,-0.08 (0.037),2.86e-02,2.43e-01,No,741,0.047 (0.041),2.59e-01,5.72e-01,No,584
surface_area,CTQ_SA,male,L_paracentral_surfavg,-0.117 (0.08),1.42e-01,6.04e-01,No,158,-0.024 (0.037),5.07e-01,8.07e-01,No,741,-0.049 (0.041),2.33e-01,5.72e-01,No,584
surface_area,CTQ_SA,male,L_parsopercularis_surfavg,0.096 (0.08),2.28e-01,6.46e-01,No,158,0.051 (0.037),1.69e-01,7.56e-01,No,741,0.023 (0.041),5.78e-01,8.93e-01,No,584
surface_area,CTQ_SA,male,L_parsorbitalis_surfavg,0.026 (0.08),7.44e-01,9.69e-01,No,158,0.138 (0.036) *,1.62e-04,1.10e-02,Yes,741,0.01 (0.041),8.17e-01,9.46e-01,No,584
surface_area,CTQ_SA,male,L_parstriangularis_surfavg,-0.038 (0.08),6.31e-01,9.69e-01,No,158,0.025 (0.037),4.91e-01,8.07e-01,No,741,0.074 (0.041),7.25e-02,4.70e-01,No,584
surface_area,CTQ_SA,male,L_pericalcarine_surfavg,0.116 (0.08),1.47e-01,6.04e-01,No,158,-0.024 (0.037),5.22e-01,8.07e-01,No,741,0.073 (0.041),7.60e-02,4.70e-01,No,584
surface_area,CTQ_SA,male,L_postcentral_surfavg,0.012 (0.08),8.82e-01,9.69e-01,No,158,0.019 (0.037),6.06e-01,8.97e-01,No,741,-0.053 (0.041),1.97e-01,5.53e-01,No,584
surface_area,CTQ_SA,male,L_posteriorcingulate_surfavg,-0.028 (0.08),7.31e-01,9.69e-01,No,158,-0.027 (0.037),4.57e-01,7.97e-01,No,741,-0.131 (0.041) *,1.57e-03,3.56e-02,Yes,584
surface_area,CTQ_SA,male,L_precentral_surfavg,0.011 (0.08),8.95e-01,9.69e-01,No,158,0.01 (0.037),7.89e-01,9.89e-01,No,741,-0.028 (0.041),5.03e-01,8.34e-01,No,584
surface_area,CTQ_SA,male,L_precuneus_surfavg,-0.156 (0.079),5.10e-02,5.49e-01,No,158,-0.034 (0.037),3.60e-01,7.56e-01,No,741,-0.06 (0.041),1.45e-01,5.17e-01,No,584
surface_area,CTQ_SA,male,L_rostralanteriorcingulate_surfavg,-0.081 (0.08),3.12e-01,7.80e-01,No,158,-0.044 (0.037),2.34e-01,7.56e-01,No,741,-0.018 (0.041),6.72e-01,9.35e-01,No,584
surface_area,CTQ_SA,male,L_rostralmiddlefrontal_surfavg,-0.011 (0.08),8.89e-01,9.69e-01,No,158,0.037 (0.037),3.13e-01,7.56e-01,No,741,-0.014 (0.041),7.33e-01,9.35e-01,No,584
surface_area,CTQ_SA,male,L_superiorfrontal_surfavg,0.043 (0.08),5.92e-01,9.69e-01,No,158,-0.016 (0.037),6.68e-01,9.54e-01,No,741,0.012 (0.041),7.66e-01,9.35e-01,No,584
surface_area,CTQ_SA,male,L_superiorparietal_surfavg,0.072 (0.08),3.67e-01,8.18e-01,No,158,-0.014 (0.037),6.95e-01,9.63e-01,No,741,-0.013 (0.041),7.45e-01,9.35e-01,No,584
surface_area,CTQ_SA,male,L_superiortemporal_surfavg,0.012 (0.08),8.85e-01,9.69e-01,No,158,-0.001 (0.037),9.75e-01,9.89e-01,No,741,-0.006 (0.041),8.80e-01,9.46e-01,No,584
surface_area,CTQ_SA,male,L_supramargil_surfavg,-0.106 (0.08),1.86e-01,6.04e-01,No,158,0.005 (0.037),8.98e-01,9.89e-01,No,741,0.048 (0.041),2.42e-01,5.72e-01,No,584
surface_area,CTQ_SA,male,L_frontalpole_surfavg,0.039 (0.08),6.28e-01,9.69e-01,No,158,0.115 (0.037) *,1.78e-03,4.55e-02,Yes,741,0.058 (0.041),1.63e-01,5.17e-01,No,584
surface_area,CTQ_SA,male,L_temporalpole_surfavg,-0.03 (0.08),7.05e-01,9.69e-01,No,158,0.05 (0.037),1.77e-01,7.56e-01,No,741,0.17 (0.041) *,3.49e-05,2.37e-03,Yes,584
surface_area,CTQ_SA,male,L_transversetemporal_surfavg,0.018 (0.08),8.22e-01,9.69e-01,No,158,-0.022 (0.037),5.51e-01,8.32e-01,No,741,0.014 (0.041),7.36e-01,9.35e-01,No,584
surface_area,CTQ_SA,male,L_insula_surfavg,-0.132 (0.079),9.74e-02,6.04e-01,No,158,-0.024 (0.037),5.13e-01,8.07e-01,No,741,0.006 (0.041),8.81e-01,9.46e-01,No,584
surface_area,CTQ_SA,male,R_bankssts_surfavg,-0.012 (0.08),8.77e-01,9.69e-01,No,158,-0.1 (0.037),6.37e-03,8.66e-02,No,741,-0.085 (0.041),3.93e-02,4.03e-01,No,584
surface_area,CTQ_SA,male,R_caudalanteriorcingulate_surfavg,0.007 (0.08),9.26e-01,9.69e-01,No,158,0.008 (0.037),8.25e-01,9.89e-01,No,741,-0.032 (0.041),4.39e-01,7.46e-01,No,584
surface_area,CTQ_SA,male,R_caudalmiddlefrontal_surfavg,0.011 (0.08),8.96e-01,9.69e-01,No,158,0.045 (0.037),2.23e-01,7.56e-01,No,741,0.033 (0.041),4.24e-01,7.46e-01,No,584
surface_area,CTQ_SA,male,R_cuneus_surfavg,0.227 (0.078),4.12e-03,2.65e-01,No,158,-0.001 (0.037),9.82e-01,9.89e-01,No,741,0.009 (0.041),8.30e-01,9.46e-01,No,584
surface_area,CTQ_SA,male,R_entorhil_surfavg,-0.2 (0.078),1.17e-02,2.65e-01,No,158,0.039 (0.037),2.93e-01,7.56e-01,No,741,0.009 (0.041),8.32e-01,9.46e-01,No,584
surface_area,CTQ_SA,male,R_fusiform_surfavg,-0.109 (0.08),1.72e-01,6.04e-01,No,158,-0.005 (0.037),8.86e-01,9.89e-01,No,741,0.019 (0.041),6.52e-01,9.35e-01,No,584
surface_area,CTQ_SA,male,R_inferiorparietal_surfavg,0.088 (0.08),2.70e-01,7.06e-01,No,158,0.024 (0.037),5.07e-01,8.07e-01,No,741,-0.081 (0.041),5.14e-02,4.37e-01,No,584
surface_area,CTQ_SA,male,R_inferiortemporal_surfavg,-0.14 (0.079),7.88e-02,6.04e-01,No,158,-0.007 (0.037),8.57e-01,9.89e-01,No,741,-0.016 (0.041),7.00e-01,9.35e-01,No,584
surface_area,CTQ_SA,male,R_isthmuscingulate_surfavg,0.108 (0.08),1.77e-01,6.04e-01,No,158,0.032 (0.037),3.81e-01,7.56e-01,No,741,0.004 (0.041),9.30e-01,9.58e-01,No,584
surface_area,CTQ_SA,male,R_lateraloccipital_surfavg,0.078 (0.08),3.28e-01,7.80e-01,No,158,0.001 (0.037),9.89e-01,9.89e-01,No,741,0.049 (0.041),2.36e-01,5.72e-01,No,584
surface_area,CTQ_SA,male,R_lateralorbitofrontal_surfavg,-0.099 (0.08),2.14e-01,6.33e-01,No,158,0.031 (0.037),4.00e-01,7.56e-01,No,741,0.002 (0.041),9.58e-01,9.58e-01,No,584
surface_area,CTQ_SA,male,R_lingual_surfavg,0.139 (0.079),8.04e-02,6.04e-01,No,158,0.003 (0.037),9.41e-01,9.89e-01,No,741,0.058 (0.041),1.61e-01,5.17e-01,No,584
surface_area,CTQ_SA,male,R_medialorbitofrontal_surfavg,-0.125 (0.079),1.19e-01,6.04e-01,No,158,0.061 (0.037),9.72e-02,6.61e-01,No,741,0.104 (0.041),1.17e-02,1.60e-01,No,584
surface_area,CTQ_SA,male,R_middletemporal_surfavg,-0.108 (0.08),1.79e-01,6.04e-01,No,158,-0.002 (0.037),9.60e-01,9.89e-01,No,741,-0.024 (0.041),5.69e-01,8.93e-01,No,584
surface_area,CTQ_SA,male,R_parahippocampal_surfavg,0.001 (0.08),9.89e-01,9.89e-01,No,158,-0.037 (0.037),3.08e-01,7.56e-01,No,741,-0.044 (0.041),2.92e-01,5.85e-01,No,584
surface_area,CTQ_SA,male,R_paracentral_surfavg,0.071 (0.08),3.73e-01,8.18e-01,No,158,-0.059 (0.037),1.10e-01,6.79e-01,No,741,-0.06 (0.041),1.50e-01,5.17e-01,No,584
surface_area,CTQ_SA,male,R_parsopercularis_surfavg,-0.09 (0.08),2.58e-01,7.03e-01,No,158,0.056 (0.037),1.27e-01,7.21e-01,No,741,-0.024 (0.041),5.58e-01,8.93e-01,No,584
surface_area,CTQ_SA,male,R_parsorbitalis_surfavg,-0.031 (0.08),7.00e-01,9.69e-01,No,158,0.087 (0.037),1.74e-02,1.69e-01,No,741,0.012 (0.041),7.70e-01,9.35e-01,No,584
surface_area,CTQ_SA,male,R_parstriangularis_surfavg,-0.028 (0.08),7.25e-01,9.69e-01,No,158,0.032 (0.037),3.88e-01,7.56e-01,No,741,0.042 (0.041),3.13e-01,6.08e-01,No,584
surface_area,CTQ_SA,male,R_pericalcarine_surfavg,0.201 (0.078),1.15e-02,2.65e-01,No,158,-0.031 (0.037),3.92e-01,7.56e-01,No,741,0.057 (0.041),1.70e-01,5.17e-01,No,584
surface_area,CTQ_SA,male,R_postcentral_surfavg,0.006 (0.08),9.38e-01,9.69e-01,No,158,-0.042 (0.037),2.55e-01,7.56e-01,No,741,-0.047 (0.041),2.58e-01,5.72e-01,No,584
surface_area,CTQ_SA,male,R_posteriorcingulate_surfavg,-0.015 (0.08),8.56e-01,9.69e-01,No,158,-0.014 (0.037),7.08e-01,9.63e-01,No,741,-0.057 (0.041),1.67e-01,5.17e-01,No,584
surface_area,CTQ_SA,male,R_precentral_surfavg,-0.107 (0.08),1.80e-01,6.04e-01,No,158,-0.008 (0.037),8.18e-01,9.89e-01,No,741,-0.063 (0.041),1.29e-01,5.17e-01,No,584
surface_area,CTQ_SA,male,R_precuneus_surfavg,-0.099 (0.08),2.14e-01,6.33e-01,No,158,-0.052 (0.037),1.61e-01,7.56e-01,No,741,-0.045 (0.041),2.82e-01,5.80e-01,No,584
surface_area,CTQ_SA,male,R_rostralanteriorcingulate_surfavg,-0.01 (0.08),8.97e-01,9.69e-01,No,158,-0.036 (0.037),3.29e-01,7.56e-01,No,741,0.006 (0.041),8.76e-01,9.46e-01,No,584
surface_area,CTQ_SA,male,R_rostralmiddlefrontal_surfavg,0.056 (0.08),4.85e-01,9.69e-01,No,158,0.045 (0.037),2.19e-01,7.56e-01,No,741,-0.006 (0.041),8.90e-01,9.46e-01,No,584
surface_area,CTQ_SA,male,R_superiorfrontal_surfavg,-0.014 (0.08),8.60e-01,9.69e-01,No,158,-0.004 (0.037),9.17e-01,9.89e-01,No,741,-0.016 (0.041),7.08e-01,9.35e-01,No,584
surface_area,CTQ_SA,male,R_superiorparietal_surfavg,0.018 (0.08),8.23e-01,9.69e-01,No,158,-0.07 (0.037),5.59e-02,4.22e-01,No,741,0.003 (0.041),9.51e-01,9.58e-01,No,584
surface_area,CTQ_SA,male,R_superiortemporal_surfavg,0.068 (0.08),3.95e-01,8.39e-01,No,158,0.002 (0.037),9.59e-01,9.89e-01,No,741,0.053 (0.041),2.03e-01,5.53e-01,No,584
surface_area,CTQ_SA,male,R_supramargil_surfavg,-0.078 (0.08),3.33e-01,7.80e-01,No,158,-0.111 (0.037) *,2.54e-03,4.55e-02,Yes,741,0.033 (0.041),4.29e-01,7.46e-01,No,584
surface_area,CTQ_SA,male,R_frontalpole_surfavg,-0.013 (0.08),8.75e-01,9.69e-01,No,158,0.088 (0.037),1.61e-02,1.69e-01,No,741,0.074 (0.041),7.52e-02,4.70e-01,No,584
surface_area,CTQ_SA,male,R_temporalpole_surfavg,-0.112 (0.08),1.62e-01,6.04e-01,No,158,0.11 (0.037) *,2.68e-03,4.55e-02,Yes,741,0.157 (0.041) *,1.34e-04,4.57e-03,Yes,584
surface_area,CTQ_SA,male,R_transversetemporal_surfavg,-0.019 (0.08),8.16e-01,9.69e-01,No,158,-0.035 (0.037),3.40e-01,7.56e-01,No,741,0.046 (0.041),2.69e-01,5.72e-01,No,584
surface_area,CTQ_SA,male,R_insula_surfavg,-0.121 (0.079),1.29e-01,6.04e-01,No,158,-0.011 (0.037),7.63e-01,9.89e-01,No,741,-0.036 (0.041),3.92e-01,7.20e-01,No,584
